split,image_path,label_path,klass,disease_code,risk,x0,y0,x1,y1
train,data/by_disease/train/disease_3/images/V006_79_1_03_02_03_12_1_2852e_20201014_10.jpg,data/by_disease/train/disease_3/labels/V006_79_1_03_02_03_12_1_2852e_20201014_10.jpg.json,disease_3,3,1,1045.0,347.0,2311.0,1963.0
train,data/by_disease/train/disease_3/images/V006_79_1_03_02_03_12_1_2852e_20201014_13.jpg,data/by_disease/train/disease_3/labels/V006_79_1_03_02_03_12_1_2852e_20201014_13.jpg.json,disease_3,3,1,521.0,668.0,2307.0,3004.0
train,data/by_disease/train/disease_3/images/V006_79_1_03_02_03_12_1_2852e_20201014_16.jpg,data/by_disease/train/disease_3/labels/V006_79_1_03_02_03_12_1_2852e_20201014_16.jpg.json,disease_3,3,1,0.0,292.0,2452.0,2444.0
train,data/by_disease/train/disease_3/images/V006_79_1_03_02_03_12_1_2852e_20201014_17.jpg,data/by_disease/train/disease_3/labels/V006_79_1_03_02_03_12_1_2852e_20201014_17.jpg.json,disease_3,3,1,195.0,527.0,2714.0,2569.0
train,data/by_disease/train/disease_3/images/V006_79_1_03_02_03_12_1_2852e_20201014_18.jpg,data/by_disease/train/disease_3/labels/V006_79_1_03_02_03_12_1_2852e_20201014_18.jpg.json,disease_3,3,1,0.0,861.0,2720.0,2798.0
train,data/by_disease/train/disease_3/images/V006_79_1_03_02_03_12_1_2852e_20201014_19.jpg,data/by_disease/train/disease_3/labels/V006_79_1_03_02_03_12_1_2852e_20201014_19.jpg.json,disease_3,3,1,0.0,380.0,2775.0,2818.0
train,data/by_disease/train/disease_3/images/V006_79_1_03_02_03_12_1_2852e_20201014_9.jpg,data/by_disease/train/disease_3/labels/V006_79_1_03_02_03_12_1_2852e_20201014_9.jpg.json,disease_3,3,1,961.0,262.0,2372.0,2674.0
train,data/by_disease/train/disease_3/images/V006_79_1_03_02_03_12_1_2852e_20201026_1.jpeg,data/by_disease/train/disease_3/labels/V006_79_1_03_02_03_12_1_2852e_20201026_1.jpeg.json,disease_3,3,1,583.0,499.0,2725.0,2801.0
train,data/by_disease/train/disease_3/images/V006_79_1_03_02_03_12_1_2852e_20201026_10.jpeg,data/by_disease/train/disease_3/labels/V006_79_1_03_02_03_12_1_2852e_20201026_10.jpeg.json,disease_3,3,1,1289.0,266.0,2961.0,2995.0
train,data/by_disease/train/disease_3/images/V006_79_1_03_02_03_12_1_2852e_20201026_11.jpeg,data/by_disease/train/disease_3/labels/V006_79_1_03_02_03_12_1_2852e_20201026_11.jpeg.json,disease_3,3,1,629.0,112.0,3366.0,2930.0
train,data/by_disease/train/disease_3/images/V006_79_1_03_02_03_12_1_2852e_20201026_14.jpeg,data/by_disease/train/disease_3/labels/V006_79_1_03_02_03_12_1_2852e_20201026_14.jpeg.json,disease_3,3,1,935.0,301.0,3298.0,2898.0
train,data/by_disease/train/disease_3/images/V006_79_1_03_02_03_12_1_2852e_20201026_2.jpeg,data/by_disease/train/disease_3/labels/V006_79_1_03_02_03_12_1_2852e_20201026_2.jpeg.json,disease_3,3,1,1230.0,381.0,3263.0,2758.0
train,data/by_disease/train/disease_3/images/V006_79_1_03_02_03_12_1_2852e_20201026_3.jpeg,data/by_disease/train/disease_3/labels/V006_79_1_03_02_03_12_1_2852e_20201026_3.jpeg.json,disease_3,3,1,644.0,626.0,3507.0,2388.0
train,data/by_disease/train/disease_3/images/V006_79_1_03_02_03_12_1_2852e_20201026_6.jpeg,data/by_disease/train/disease_3/labels/V006_79_1_03_02_03_12_1_2852e_20201026_6.jpeg.json,disease_3,3,1,687.0,1082.0,3255.0,2862.0
train,data/by_disease/train/disease_3/images/V006_79_1_03_02_03_12_1_2852e_20201026_7.jpeg,data/by_disease/train/disease_3/labels/V006_79_1_03_02_03_12_1_2852e_20201026_7.jpeg.json,disease_3,3,1,621.0,250.0,3564.0,2747.0
train,data/by_disease/train/disease_3/images/V006_79_1_03_02_03_12_1_2852e_20201026_9.jpeg,data/by_disease/train/disease_3/labels/V006_79_1_03_02_03_12_1_2852e_20201026_9.jpeg.json,disease_3,3,1,0.0,350.0,3529.0,2983.0
train,data/by_disease/train/disease_3/images/V006_79_1_03_02_03_12_1_2852e_20201027_1.jpeg,data/by_disease/train/disease_3/labels/V006_79_1_03_02_03_12_1_2852e_20201027_1.jpeg.json,disease_3,3,1,637.0,660.0,3424.0,3024.0
train,data/by_disease/train/disease_3/images/V006_79_1_03_02_03_12_1_2852e_20201027_10.jpeg,data/by_disease/train/disease_3/labels/V006_79_1_03_02_03_12_1_2852e_20201027_10.jpeg.json,disease_3,3,1,0.0,0.0,3069.0,2847.0
train,data/by_disease/train/disease_3/images/V006_79_1_03_02_03_12_1_2852e_20201027_11.jpeg,data/by_disease/train/disease_3/labels/V006_79_1_03_02_03_12_1_2852e_20201027_11.jpeg.json,disease_3,3,1,846.0,910.0,2399.0,2942.0
train,data/by_disease/train/disease_3/images/V006_79_1_03_02_03_12_1_2852e_20201027_14.jpeg,data/by_disease/train/disease_3/labels/V006_79_1_03_02_03_12_1_2852e_20201027_14.jpeg.json,disease_3,3,1,336.0,565.0,3500.0,2702.0
train,data/by_disease/train/disease_3/images/V006_79_1_03_02_03_12_1_2852e_20201027_2.jpeg,data/by_disease/train/disease_3/labels/V006_79_1_03_02_03_12_1_2852e_20201027_2.jpeg.json,disease_3,3,1,567.0,506.0,3338.0,2753.0
train,data/by_disease/train/disease_3/images/V006_79_1_03_02_03_12_1_2852e_20201027_3.jpeg,data/by_disease/train/disease_3/labels/V006_79_1_03_02_03_12_1_2852e_20201027_3.jpeg.json,disease_3,3,1,0.0,225.0,2948.0,3024.0
train,data/by_disease/train/disease_3/images/V006_79_1_03_02_03_12_1_2852e_20201027_4.jpeg,data/by_disease/train/disease_3/labels/V006_79_1_03_02_03_12_1_2852e_20201027_4.jpeg.json,disease_3,3,1,391.0,240.0,3769.0,2982.0
train,data/by_disease/train/disease_3/images/V006_79_1_03_02_03_12_1_2852e_20201027_6.jpeg,data/by_disease/train/disease_3/labels/V006_79_1_03_02_03_12_1_2852e_20201027_6.jpeg.json,disease_3,3,1,1287.0,345.0,2688.0,2968.0
train,data/by_disease/train/disease_3/images/V006_79_1_03_02_03_12_1_2852e_20201027_9.jpeg,data/by_disease/train/disease_3/labels/V006_79_1_03_02_03_12_1_2852e_20201027_9.jpeg.json,disease_3,3,1,0.0,10.0,4032.0,3024.0
train,data/by_disease/train/disease_3/images/V006_79_1_03_02_03_12_1_2852e_20201102_11.jpeg,data/by_disease/train/disease_3/labels/V006_79_1_03_02_03_12_1_2852e_20201102_11.jpeg.json,disease_3,3,1,1057.0,0.0,4014.0,3024.0
train,data/by_disease/train/disease_3/images/V006_79_1_03_02_03_12_1_2852e_20201102_12.jpeg,data/by_disease/train/disease_3/labels/V006_79_1_03_02_03_12_1_2852e_20201102_12.jpeg.json,disease_3,3,1,176.0,0.0,3889.0,3024.0
train,data/by_disease/train/disease_3/images/V006_79_1_03_02_03_12_1_2852e_20201102_15.jpeg,data/by_disease/train/disease_3/labels/V006_79_1_03_02_03_12_1_2852e_20201102_15.jpeg.json,disease_3,3,1,10.0,46.0,2290.0,3024.0
train,data/by_disease/train/disease_3/images/V006_79_1_03_02_03_12_1_2852e_20201102_2.jpeg,data/by_disease/train/disease_3/labels/V006_79_1_03_02_03_12_1_2852e_20201102_2.jpeg.json,disease_3,3,1,1222.0,225.0,4019.0,3012.0
train,data/by_disease/train/disease_3/images/V006_79_1_03_02_03_12_1_2852e_20201102_4.jpeg,data/by_disease/train/disease_3/labels/V006_79_1_03_02_03_12_1_2852e_20201102_4.jpeg.json,disease_3,3,1,601.0,0.0,4032.0,3024.0
train,data/by_disease/train/disease_3/images/V006_79_1_03_02_03_12_1_2852e_20201102_5.jpeg,data/by_disease/train/disease_3/labels/V006_79_1_03_02_03_12_1_2852e_20201102_5.jpeg.json,disease_3,3,1,255.0,520.0,3622.0,3024.0
train,data/by_disease/train/disease_3/images/V006_79_1_03_02_03_12_1_2852e_20201102_6.jpeg,data/by_disease/train/disease_3/labels/V006_79_1_03_02_03_12_1_2852e_20201102_6.jpeg.json,disease_3,3,1,1287.0,515.0,4009.0,2997.0
train,data/by_disease/train/disease_3/images/V006_79_1_03_02_03_12_1_2852e_20201102_9.jpeg,data/by_disease/train/disease_3/labels/V006_79_1_03_02_03_12_1_2852e_20201102_9.jpeg.json,disease_3,3,1,832.0,180.0,3528.0,2506.0
train,data/by_disease/train/disease_3/images/V006_79_1_03_02_03_12_1_2852e_20201103_14.jpeg,data/by_disease/train/disease_3/labels/V006_79_1_03_02_03_12_1_2852e_20201103_14.jpeg.json,disease_3,3,1,0.0,50.0,1740.0,2192.0
train,data/by_disease/train/disease_3/images/V006_79_1_03_02_03_12_1_2852e_20201103_15.jpeg,data/by_disease/train/disease_3/labels/V006_79_1_03_02_03_12_1_2852e_20201103_15.jpeg.json,disease_3,3,1,451.0,455.0,4032.0,2482.0
train,data/by_disease/train/disease_3/images/V006_79_1_03_02_03_12_1_2852e_20201103_17.jpeg,data/by_disease/train/disease_3/labels/V006_79_1_03_02_03_12_1_2852e_20201103_17.jpeg.json,disease_3,3,1,801.0,970.0,3207.0,2120.0
train,data/by_disease/train/disease_3/images/V006_79_1_03_02_03_12_1_2852e_20201103_2.jpeg,data/by_disease/train/disease_3/labels/V006_79_1_03_02_03_12_1_2852e_20201103_2.jpeg.json,disease_3,3,1,705.0,0.0,3199.0,2892.0
train,data/by_disease/train/disease_3/images/V006_79_1_03_02_03_12_1_2852e_20201103_3.jpeg,data/by_disease/train/disease_3/labels/V006_79_1_03_02_03_12_1_2852e_20201103_3.jpeg.json,disease_3,3,1,1229.0,115.0,3649.0,2105.0
train,data/by_disease/train/disease_3/images/V006_79_1_03_02_03_12_1_2852e_20201103_6.jpeg,data/by_disease/train/disease_3/labels/V006_79_1_03_02_03_12_1_2852e_20201103_6.jpeg.json,disease_3,3,1,0.0,450.0,3802.0,2687.0
train,data/by_disease/train/disease_3/images/V006_79_1_03_02_03_12_1_2852e_20201103_8.jpeg,data/by_disease/train/disease_3/labels/V006_79_1_03_02_03_12_1_2852e_20201103_8.jpeg.json,disease_3,3,1,0.0,762.0,4023.0,2732.0
train,data/by_disease/train/disease_3/images/V006_79_1_03_02_03_12_1_2852e_20201103_9.jpeg,data/by_disease/train/disease_3/labels/V006_79_1_03_02_03_12_1_2852e_20201103_9.jpeg.json,disease_3,3,1,0.0,4.0,3368.0,3024.0
train,data/by_disease/train/disease_3/images/V006_79_1_03_02_03_12_1_2852e_20201110_11.jpeg,data/by_disease/train/disease_3/labels/V006_79_1_03_02_03_12_1_2852e_20201110_11.jpeg.json,disease_3,3,1,1476.0,582.0,3153.0,2351.0
train,data/by_disease/train/disease_3/images/V006_79_1_03_02_03_12_1_2852e_20201110_12.jpeg,data/by_disease/train/disease_3/labels/V006_79_1_03_02_03_12_1_2852e_20201110_12.jpeg.json,disease_3,3,1,358.0,11.0,3048.0,1916.0
train,data/by_disease/train/disease_3/images/V006_79_1_03_02_03_12_1_2852e_20201110_13.jpeg,data/by_disease/train/disease_3/labels/V006_79_1_03_02_03_12_1_2852e_20201110_13.jpeg.json,disease_3,3,1,1114.0,333.0,2917.0,2219.0
train,data/by_disease/train/disease_3/images/V006_79_1_03_02_03_12_1_2852e_20201110_14.jpeg,data/by_disease/train/disease_3/labels/V006_79_1_03_02_03_12_1_2852e_20201110_14.jpeg.json,disease_3,3,1,544.0,0.0,4032.0,2451.0
train,data/by_disease/train/disease_3/images/V006_79_1_03_02_03_12_1_2852e_20201110_15.jpeg,data/by_disease/train/disease_3/labels/V006_79_1_03_02_03_12_1_2852e_20201110_15.jpeg.json,disease_3,3,1,572.0,671.0,3044.0,2639.0
train,data/by_disease/train/disease_3/images/V006_79_1_03_02_03_12_1_2852e_20201110_16.jpeg,data/by_disease/train/disease_3/labels/V006_79_1_03_02_03_12_1_2852e_20201110_16.jpeg.json,disease_3,3,1,14.0,780.0,2854.0,3024.0
train,data/by_disease/train/disease_3/images/V006_79_1_03_02_03_12_1_2852e_20201110_17.jpeg,data/by_disease/train/disease_3/labels/V006_79_1_03_02_03_12_1_2852e_20201110_17.jpeg.json,disease_3,3,1,461.0,268.0,3983.0,3024.0
train,data/by_disease/train/disease_3/images/V006_79_1_03_02_03_12_1_2852e_20201110_2.jpeg,data/by_disease/train/disease_3/labels/V006_79_1_03_02_03_12_1_2852e_20201110_2.jpeg.json,disease_3,3,1,717.0,5.0,4032.0,2356.0
train,data/by_disease/train/disease_3/images/V006_79_1_03_02_03_12_1_2852e_20201110_3.jpeg,data/by_disease/train/disease_3/labels/V006_79_1_03_02_03_12_1_2852e_20201110_3.jpeg.json,disease_3,3,1,754.0,265.0,2957.0,3024.0
train,data/by_disease/train/disease_3/images/V006_79_1_03_02_03_12_1_2852e_20201110_4.jpeg,data/by_disease/train/disease_3/labels/V006_79_1_03_02_03_12_1_2852e_20201110_4.jpeg.json,disease_3,3,1,430.0,443.0,3129.0,2799.0
train,data/by_disease/train/disease_3/images/V006_79_1_03_02_03_12_1_2852e_20201110_8.jpeg,data/by_disease/train/disease_3/labels/V006_79_1_03_02_03_12_1_2852e_20201110_8.jpeg.json,disease_3,3,1,316.0,576.0,4032.0,2766.0
train,data/by_disease/train/disease_3/images/V006_79_1_03_02_03_12_1_2852e_20201110_9.jpeg,data/by_disease/train/disease_3/labels/V006_79_1_03_02_03_12_1_2852e_20201110_9.jpeg.json,disease_3,3,1,1088.0,575.0,3195.0,2435.0
train,data/by_disease/train/disease_3/images/V006_79_1_03_02_03_12_1_2852e_20201116_12.jpeg,data/by_disease/train/disease_3/labels/V006_79_1_03_02_03_12_1_2852e_20201116_12.jpeg.json,disease_3,3,1,561.0,107.0,3369.0,2573.0
train,data/by_disease/train/disease_3/images/V006_79_1_03_02_03_12_1_2852e_20201116_13.jpeg,data/by_disease/train/disease_3/labels/V006_79_1_03_02_03_12_1_2852e_20201116_13.jpeg.json,disease_3,3,1,2226.0,707.0,4031.0,2518.0
train,data/by_disease/train/disease_3/images/V006_79_1_03_02_03_12_1_2852e_20201116_14.jpeg,data/by_disease/train/disease_3/labels/V006_79_1_03_02_03_12_1_2852e_20201116_14.jpeg.json,disease_3,3,1,746.0,490.0,3296.0,2031.0
train,data/by_disease/train/disease_3/images/V006_79_1_03_02_03_12_1_2852e_20201116_15.jpeg,data/by_disease/train/disease_3/labels/V006_79_1_03_02_03_12_1_2852e_20201116_15.jpeg.json,disease_3,3,1,702.0,11.0,3076.0,2822.0
train,data/by_disease/train/disease_3/images/V006_79_1_03_02_03_12_1_2852e_20201116_5.jpeg,data/by_disease/train/disease_3/labels/V006_79_1_03_02_03_12_1_2852e_20201116_5.jpeg.json,disease_3,3,1,884.0,286.0,3246.0,2728.0
train,data/by_disease/train/disease_3/images/V006_79_1_03_02_03_12_1_2852e_20201116_7.jpeg,data/by_disease/train/disease_3/labels/V006_79_1_03_02_03_12_1_2852e_20201116_7.jpeg.json,disease_3,3,1,1261.0,16.0,2916.0,2846.0
train,data/by_disease/train/disease_3/images/V006_79_1_03_02_03_12_1_2852e_20201123_1.jpeg,data/by_disease/train/disease_3/labels/V006_79_1_03_02_03_12_1_2852e_20201123_1.jpeg.json,disease_3,3,1,810.0,383.0,3363.0,2424.0
train,data/by_disease/train/disease_3/images/V006_79_1_03_02_03_12_1_2852e_20201123_10.jpeg,data/by_disease/train/disease_3/labels/V006_79_1_03_02_03_12_1_2852e_20201123_10.jpeg.json,disease_3,3,1,0.0,320.0,3727.0,2623.0
train,data/by_disease/train/disease_3/images/V006_79_1_03_02_03_12_1_2852e_20201123_12.jpeg,data/by_disease/train/disease_3/labels/V006_79_1_03_02_03_12_1_2852e_20201123_12.jpeg.json,disease_3,3,1,902.0,0.0,3789.0,2745.0
train,data/by_disease/train/disease_3/images/V006_79_1_03_02_03_12_1_2852e_20201123_15.jpeg,data/by_disease/train/disease_3/labels/V006_79_1_03_02_03_12_1_2852e_20201123_15.jpeg.json,disease_3,3,1,640.0,125.0,3170.0,1708.0
train,data/by_disease/train/disease_3/images/V006_79_1_03_02_03_12_1_2852e_20201123_2.jpeg,data/by_disease/train/disease_3/labels/V006_79_1_03_02_03_12_1_2852e_20201123_2.jpeg.json,disease_3,3,1,160.0,383.0,3213.0,3011.0
train,data/by_disease/train/disease_3/images/V006_79_1_03_02_03_12_1_3025e_20201103_24.jpeg,data/by_disease/train/disease_3/labels/V006_79_1_03_02_03_12_1_3025e_20201103_24.jpeg.json,disease_3,3,1,672.0,710.0,3192.0,2920.0
train,data/by_disease/train/disease_3/images/V006_79_1_03_02_03_12_1_3025e_20201103_25.jpeg,data/by_disease/train/disease_3/labels/V006_79_1_03_02_03_12_1_3025e_20201103_25.jpeg.json,disease_3,3,1,592.0,220.0,4032.0,2900.0
train,data/by_disease/train/disease_3/images/V006_79_1_03_02_03_12_1_3025e_20201103_27.jpeg,data/by_disease/train/disease_3/labels/V006_79_1_03_02_03_12_1_3025e_20201103_27.jpeg.json,disease_3,3,1,382.0,0.0,4032.0,3024.0
train,data/by_disease/train/disease_3/images/V006_79_1_03_02_03_12_1_3025e_20201103_4.jpeg,data/by_disease/train/disease_3/labels/V006_79_1_03_02_03_12_1_3025e_20201103_4.jpeg.json,disease_3,3,1,22.0,200.0,4032.0,2510.0
train,data/by_disease/train/disease_3/images/V006_79_1_03_02_03_12_1_3025e_20201103_5.jpeg,data/by_disease/train/disease_3/labels/V006_79_1_03_02_03_12_1_3025e_20201103_5.jpeg.json,disease_3,3,1,622.0,0.0,4012.0,3024.0
train,data/by_disease/train/disease_3/images/V006_79_1_03_02_03_12_1_3025e_20201104_13.jpeg,data/by_disease/train/disease_3/labels/V006_79_1_03_02_03_12_1_3025e_20201104_13.jpeg.json,disease_3,3,1,320.0,526.0,3270.0,3024.0
train,data/by_disease/train/disease_3/images/V006_79_1_03_02_03_12_1_3025e_20201104_19.jpeg,data/by_disease/train/disease_3/labels/V006_79_1_03_02_03_12_1_3025e_20201104_19.jpeg.json,disease_3,3,1,640.0,346.0,3800.0,3024.0
train,data/by_disease/train/disease_3/images/V006_79_1_03_02_03_12_1_3025e_20201104_3.jpeg,data/by_disease/train/disease_3/labels/V006_79_1_03_02_03_12_1_3025e_20201104_3.jpeg.json,disease_3,3,1,430.0,316.0,1670.0,2876.0
train,data/by_disease/train/disease_3/images/V006_79_1_03_02_03_12_1_3025e_20201104_7.jpeg,data/by_disease/train/disease_3/labels/V006_79_1_03_02_03_12_1_3025e_20201104_7.jpeg.json,disease_3,3,1,0.0,27.0,3890.0,3016.0
train,data/by_disease/train/disease_3/images/V006_79_1_03_02_03_12_1_3025e_20201110_22.jpeg,data/by_disease/train/disease_3/labels/V006_79_1_03_02_03_12_1_3025e_20201110_22.jpeg.json,disease_3,3,1,250.0,496.0,3130.0,3024.0
train,data/by_disease/train/disease_3/images/V006_79_1_03_02_03_12_1_3025e_20201110_30.jpeg,data/by_disease/train/disease_3/labels/V006_79_1_03_02_03_12_1_3025e_20201110_30.jpeg.json,disease_3,3,1,10.0,0.0,2850.0,2906.0
train,data/by_disease/train/disease_3/images/V006_79_1_03_02_03_12_1_3025e_20201110_32.jpeg,data/by_disease/train/disease_3/labels/V006_79_1_03_02_03_12_1_3025e_20201110_32.jpeg.json,disease_3,3,1,480.0,0.0,2490.0,3024.0
train,data/by_disease/train/disease_3/images/V006_79_1_03_02_03_12_1_3025e_20201110_9.jpeg,data/by_disease/train/disease_3/labels/V006_79_1_03_02_03_12_1_3025e_20201110_9.jpeg.json,disease_3,3,1,1000.0,1056.0,2940.0,2146.0
train,data/by_disease/train/disease_3/images/V006_79_1_03_02_03_12_1_3025e_20201116_11.jpeg,data/by_disease/train/disease_3/labels/V006_79_1_03_02_03_12_1_3025e_20201116_11.jpeg.json,disease_3,3,1,0.0,66.0,4032.0,3024.0
train,data/by_disease/train/disease_3/images/V006_79_1_03_02_03_12_1_3025e_20201116_12.jpeg,data/by_disease/train/disease_3/labels/V006_79_1_03_02_03_12_1_3025e_20201116_12.jpeg.json,disease_3,3,1,1160.0,0.0,4032.0,3024.0
train,data/by_disease/train/disease_3/images/V006_79_1_03_02_03_12_1_3025e_20201116_13.jpeg,data/by_disease/train/disease_3/labels/V006_79_1_03_02_03_12_1_3025e_20201116_13.jpeg.json,disease_3,3,1,30.0,26.0,4032.0,3024.0
train,data/by_disease/train/disease_3/images/V006_79_1_03_02_03_12_1_3025e_20201116_19.jpeg,data/by_disease/train/disease_3/labels/V006_79_1_03_02_03_12_1_3025e_20201116_19.jpeg.json,disease_3,3,1,0.0,894.0,2380.0,3024.0
train,data/by_disease/train/disease_3/images/V006_79_1_03_02_03_12_1_3025e_20201116_2.jpeg,data/by_disease/train/disease_3/labels/V006_79_1_03_02_03_12_1_3025e_20201116_2.jpeg.json,disease_3,3,1,40.0,776.0,2380.0,3024.0
train,data/by_disease/train/disease_3/images/V006_79_1_03_02_03_12_1_3025e_20201116_20.jpeg,data/by_disease/train/disease_3/labels/V006_79_1_03_02_03_12_1_3025e_20201116_20.jpeg.json,disease_3,3,1,10.0,6.0,4032.0,3024.0
train,data/by_disease/train/disease_3/images/V006_79_1_03_02_03_12_1_3025e_20201116_26.jpeg,data/by_disease/train/disease_3/labels/V006_79_1_03_02_03_12_1_3025e_20201116_26.jpeg.json,disease_3,3,1,1400.0,7.0,3980.0,2136.0
train,data/by_disease/train/disease_3/images/V006_79_1_03_02_03_12_1_3025e_20201116_29.jpeg,data/by_disease/train/disease_3/labels/V006_79_1_03_02_03_12_1_3025e_20201116_29.jpeg.json,disease_3,3,1,430.0,156.0,4032.0,3024.0
train,data/by_disease/train/disease_3/images/V006_79_1_03_02_03_12_1_3025e_20201116_30.jpeg,data/by_disease/train/disease_3/labels/V006_79_1_03_02_03_12_1_3025e_20201116_30.jpeg.json,disease_3,3,1,20.0,0.0,4032.0,2616.0
train,data/by_disease/train/disease_3/images/V006_79_1_03_02_03_12_1_3025e_20201116_31.jpeg,data/by_disease/train/disease_3/labels/V006_79_1_03_02_03_12_1_3025e_20201116_31.jpeg.json,disease_3,3,1,10.0,15.0,3040.0,3016.0
train,data/by_disease/train/disease_3/images/V006_79_1_03_02_03_12_1_3025e_20201116_32.jpeg,data/by_disease/train/disease_3/labels/V006_79_1_03_02_03_12_1_3025e_20201116_32.jpeg.json,disease_3,3,1,0.0,0.0,4032.0,2936.0
train,data/by_disease/train/disease_3/images/V006_79_1_03_02_03_12_1_3025e_20201116_8.jpeg,data/by_disease/train/disease_3/labels/V006_79_1_03_02_03_12_1_3025e_20201116_8.jpeg.json,disease_3,3,1,860.0,356.0,2920.0,3024.0
train,data/by_disease/train/disease_3/images/V006_79_1_03_02_03_12_1_3025e_20201116_9.jpeg,data/by_disease/train/disease_3/labels/V006_79_1_03_02_03_12_1_3025e_20201116_9.jpeg.json,disease_3,3,1,10.0,246.0,3930.0,2866.0
train,data/by_disease/train/disease_3/images/V006_79_1_03_02_03_12_1_3025e_20201117_15.jpeg,data/by_disease/train/disease_3/labels/V006_79_1_03_02_03_12_1_3025e_20201117_15.jpeg.json,disease_3,3,1,0.0,0.0,4032.0,3002.0
train,data/by_disease/train/disease_3/images/V006_79_1_03_02_03_12_1_3025e_20201117_18.jpeg,data/by_disease/train/disease_3/labels/V006_79_1_03_02_03_12_1_3025e_20201117_18.jpeg.json,disease_3,3,1,0.0,0.0,2472.0,1991.0
train,data/by_disease/train/disease_3/images/V006_79_1_03_02_03_12_1_3025e_20201117_22.jpeg,data/by_disease/train/disease_3/labels/V006_79_1_03_02_03_12_1_3025e_20201117_22.jpeg.json,disease_3,3,1,111.0,0.0,4032.0,2802.0
train,data/by_disease/train/disease_3/images/V006_79_1_03_02_03_12_1_3025e_20201117_24.jpeg,data/by_disease/train/disease_3/labels/V006_79_1_03_02_03_12_1_3025e_20201117_24.jpeg.json,disease_3,3,1,0.0,60.0,3973.0,2972.0
train,data/by_disease/train/disease_3/images/V006_79_1_03_02_03_12_1_3025e_20201117_26.jpeg,data/by_disease/train/disease_3/labels/V006_79_1_03_02_03_12_1_3025e_20201117_26.jpeg.json,disease_3,3,1,111.0,0.0,4032.0,3012.0
train,data/by_disease/train/disease_3/images/V006_79_1_03_02_03_12_1_3025e_20201117_30.jpeg,data/by_disease/train/disease_3/labels/V006_79_1_03_02_03_12_1_3025e_20201117_30.jpeg.json,disease_3,3,1,21.0,50.0,3963.0,2992.0
train,data/by_disease/train/disease_3/images/V006_79_1_03_02_03_12_1_3025e_20201117_8.jpeg,data/by_disease/train/disease_3/labels/V006_79_1_03_02_03_12_1_3025e_20201117_8.jpeg.json,disease_3,3,1,1732.0,0.0,4023.0,2572.0
train,data/by_disease/train/disease_3/images/V006_79_1_03_02_03_12_1_3025e_20201124_12.jpeg,data/by_disease/train/disease_3/labels/V006_79_1_03_02_03_12_1_3025e_20201124_12.jpeg.json,disease_3,3,1,641.0,0.0,4013.0,2922.0
train,data/by_disease/train/disease_3/images/V006_79_1_03_02_03_12_1_3055e_20201008_17.jpeg,data/by_disease/train/disease_3/labels/V006_79_1_03_02_03_12_1_3055e_20201008_17.jpeg.json,disease_3,3,1,1367.0,1217.0,2118.0,1733.0
train,data/by_disease/train/disease_3/images/V006_79_1_03_02_03_12_1_3055e_20201008_2.jpeg,data/by_disease/train/disease_3/labels/V006_79_1_03_02_03_12_1_3055e_20201008_2.jpeg.json,disease_3,3,1,1140.0,729.0,3990.0,2989.0
train,data/by_disease/train/disease_3/images/V006_79_1_03_02_03_12_1_3055e_20201012_2.jpeg,data/by_disease/train/disease_3/labels/V006_79_1_03_02_03_12_1_3055e_20201012_2.jpeg.json,disease_3,3,1,1236.0,700.0,3328.0,2492.0
train,data/by_disease/train/disease_3/images/V006_79_1_03_02_03_12_1_3055e_20201026_1.jpeg,data/by_disease/train/disease_3/labels/V006_79_1_03_02_03_12_1_3055e_20201026_1.jpeg.json,disease_3,3,1,164.0,396.0,3284.0,2566.0
train,data/by_disease/train/disease_3/images/V006_79_1_03_02_03_12_1_3055e_20201026_10.jpeg,data/by_disease/train/disease_3/labels/V006_79_1_03_02_03_12_1_3055e_20201026_10.jpeg.json,disease_3,3,1,628.0,628.0,3608.0,2396.0
train,data/by_disease/train/disease_3/images/V006_79_1_03_02_03_12_1_3055e_20201026_13.jpeg,data/by_disease/train/disease_3/labels/V006_79_1_03_02_03_12_1_3055e_20201026_13.jpeg.json,disease_3,3,1,828.0,436.0,3699.0,2471.0
train,data/by_disease/train/disease_3/images/V006_79_1_03_02_03_12_1_3055e_20201026_14.jpeg,data/by_disease/train/disease_3/labels/V006_79_1_03_02_03_12_1_3055e_20201026_14.jpeg.json,disease_3,3,1,1481.0,0.0,2990.0,2321.0
train,data/by_disease/train/disease_3/images/V006_79_1_03_02_03_12_1_3055e_20201026_15.jpeg,data/by_disease/train/disease_3/labels/V006_79_1_03_02_03_12_1_3055e_20201026_15.jpeg.json,disease_3,3,1,413.0,361.0,3889.0,2851.0
train,data/by_disease/train/disease_3/images/V006_79_1_03_02_03_12_1_3055e_20201026_3.jpeg,data/by_disease/train/disease_3/labels/V006_79_1_03_02_03_12_1_3055e_20201026_3.jpeg.json,disease_3,3,1,980.0,12.0,4012.0,2616.0
train,data/by_disease/train/disease_3/images/V006_79_1_03_02_03_12_1_3108e_20201014_33.jpg,data/by_disease/train/disease_3/labels/V006_79_1_03_02_03_12_1_3108e_20201014_33.jpg.json,disease_3,3,1,610.0,136.0,2166.0,2648.0
train,data/by_disease/train/disease_3/images/V006_79_1_03_02_03_12_1_3108e_20201023_10.jpeg,data/by_disease/train/disease_3/labels/V006_79_1_03_02_03_12_1_3108e_20201023_10.jpeg.json,disease_3,3,1,1417.0,628.0,3442.0,2813.0
train,data/by_disease/train/disease_3/images/V006_79_1_03_02_03_12_1_3270e_20201006_4.jpg,data/by_disease/train/disease_3/labels/V006_79_1_03_02_03_12_1_3270e_20201006_4.jpg.json,disease_3,3,1,1504.0,0.0,3648.0,3024.0
train,data/by_disease/train/disease_3/images/V006_79_1_03_02_03_12_1_3270e_20201014_39.jpg,data/by_disease/train/disease_3/labels/V006_79_1_03_02_03_12_1_3270e_20201014_39.jpg.json,disease_3,3,1,1504.0,620.0,2624.0,1312.0
train,data/by_disease/train/disease_3/images/V006_79_1_03_02_03_12_1_3270e_20201014_40.jpg,data/by_disease/train/disease_3/labels/V006_79_1_03_02_03_12_1_3270e_20201014_40.jpg.json,disease_3,3,1,1800.0,1056.0,2884.0,1756.0
train,data/by_disease/train/disease_3/images/V006_79_1_03_02_03_12_1_3270e_20201014_46.jpg,data/by_disease/train/disease_3/labels/V006_79_1_03_02_03_12_1_3270e_20201014_46.jpg.json,disease_3,3,1,1988.0,712.0,3024.0,1440.0
train,data/by_disease/train/disease_3/images/V006_79_1_03_02_03_12_1_3270e_20201020_14.jpeg,data/by_disease/train/disease_3/labels/V006_79_1_03_02_03_12_1_3270e_20201020_14.jpeg.json,disease_3,3,1,468.0,900.0,2380.0,2456.0
train,data/by_disease/train/disease_3/images/V006_79_1_03_02_03_12_1_3270e_20201020_15.jpeg,data/by_disease/train/disease_3/labels/V006_79_1_03_02_03_12_1_3270e_20201020_15.jpeg.json,disease_3,3,1,1704.0,348.0,3976.0,3024.0
train,data/by_disease/train/disease_3/images/V006_79_1_03_02_03_12_1_3270e_20201020_20.jpeg,data/by_disease/train/disease_3/labels/V006_79_1_03_02_03_12_1_3270e_20201020_20.jpeg.json,disease_3,3,1,1692.0,1020.0,3872.0,3024.0
train,data/by_disease/train/disease_3/images/V006_79_1_03_02_03_12_1_3270e_20201020_21.jpeg,data/by_disease/train/disease_3/labels/V006_79_1_03_02_03_12_1_3270e_20201020_21.jpeg.json,disease_3,3,1,756.0,584.0,3548.0,2896.0
train,data/by_disease/train/disease_3/images/V006_79_1_03_02_03_12_1_3270e_20201020_9.jpeg,data/by_disease/train/disease_3/labels/V006_79_1_03_02_03_12_1_3270e_20201020_9.jpeg.json,disease_3,3,1,668.0,236.0,3044.0,2336.0
train,data/by_disease/train/disease_3/images/V006_79_1_03_02_03_12_1_3270e_20201021_1.jpeg,data/by_disease/train/disease_3/labels/V006_79_1_03_02_03_12_1_3270e_20201021_1.jpeg.json,disease_3,3,1,268.0,672.0,3700.0,2708.0
train,data/by_disease/train/disease_3/images/V006_79_1_03_02_03_12_1_3270e_20201021_11.jpeg,data/by_disease/train/disease_3/labels/V006_79_1_03_02_03_12_1_3270e_20201021_11.jpeg.json,disease_3,3,1,1616.0,1212.0,4032.0,3024.0
train,data/by_disease/train/disease_3/images/V006_79_1_03_02_03_12_1_3270e_20201021_12.jpeg,data/by_disease/train/disease_3/labels/V006_79_1_03_02_03_12_1_3270e_20201021_12.jpeg.json,disease_3,3,1,1228.0,872.0,2228.0,3024.0
train,data/by_disease/train/disease_3/images/V006_79_1_03_02_03_12_1_3270e_20201021_16.jpeg,data/by_disease/train/disease_3/labels/V006_79_1_03_02_03_12_1_3270e_20201021_16.jpeg.json,disease_3,3,1,584.0,1024.0,4032.0,3024.0
train,data/by_disease/train/disease_3/images/V006_79_1_03_02_03_12_1_3270e_20201021_17.jpeg,data/by_disease/train/disease_3/labels/V006_79_1_03_02_03_12_1_3270e_20201021_17.jpeg.json,disease_3,3,1,0.0,696.0,1972.0,3024.0
train,data/by_disease/train/disease_3/images/V006_79_1_03_02_03_12_1_3270e_20201021_20.jpeg,data/by_disease/train/disease_3/labels/V006_79_1_03_02_03_12_1_3270e_20201021_20.jpeg.json,disease_3,3,1,856.0,0.0,4032.0,3024.0
train,data/by_disease/train/disease_3/images/V006_79_1_03_02_03_12_1_3270e_20201021_22.jpeg,data/by_disease/train/disease_3/labels/V006_79_1_03_02_03_12_1_3270e_20201021_22.jpeg.json,disease_3,3,1,208.0,32.0,3156.0,3024.0
train,data/by_disease/train/disease_3/images/V006_79_1_03_02_03_12_1_3270e_20201021_23.jpeg,data/by_disease/train/disease_3/labels/V006_79_1_03_02_03_12_1_3270e_20201021_23.jpeg.json,disease_3,3,1,0.0,1352.0,1576.0,3016.0
train,data/by_disease/train/disease_3/images/V006_79_1_03_02_03_12_1_3270e_20201021_26.jpeg,data/by_disease/train/disease_3/labels/V006_79_1_03_02_03_12_1_3270e_20201021_26.jpeg.json,disease_3,3,1,356.0,8.0,3340.0,2984.0
train,data/by_disease/train/disease_3/images/V006_79_1_03_02_03_12_1_3270e_20201021_31.jpeg,data/by_disease/train/disease_3/labels/V006_79_1_03_02_03_12_1_3270e_20201021_31.jpeg.json,disease_3,3,1,1536.0,300.0,4032.0,3024.0
train,data/by_disease/train/disease_3/images/V006_79_1_03_02_03_12_1_3270e_20201021_32.jpeg,data/by_disease/train/disease_3/labels/V006_79_1_03_02_03_12_1_3270e_20201021_32.jpeg.json,disease_3,3,1,1212.0,0.0,4032.0,2952.0
train,data/by_disease/train/disease_3/images/V006_79_1_03_02_03_12_1_3270e_20201021_33.jpeg,data/by_disease/train/disease_3/labels/V006_79_1_03_02_03_12_1_3270e_20201021_33.jpeg.json,disease_3,3,1,1424.0,140.0,3248.0,2576.0
train,data/by_disease/train/disease_3/images/V006_79_1_03_02_03_12_1_3270e_20201021_40.jpeg,data/by_disease/train/disease_3/labels/V006_79_1_03_02_03_12_1_3270e_20201021_40.jpeg.json,disease_3,3,1,226.0,305.0,3982.0,3005.0
train,data/by_disease/train/disease_3/images/V006_79_1_03_02_03_12_1_3270e_20201021_9.jpeg,data/by_disease/train/disease_3/labels/V006_79_1_03_02_03_12_1_3270e_20201021_9.jpeg.json,disease_3,3,1,572.0,668.0,3744.0,2504.0
train,data/by_disease/train/disease_3/images/V006_79_1_03_02_03_12_1_3270e_20201103_1.jpeg,data/by_disease/train/disease_3/labels/V006_79_1_03_02_03_12_1_3270e_20201103_1.jpeg.json,disease_3,3,1,836.0,512.0,4032.0,3024.0
train,data/by_disease/train/disease_3/images/V006_79_1_03_02_03_12_1_3270e_20201103_11.jpeg,data/by_disease/train/disease_3/labels/V006_79_1_03_02_03_12_1_3270e_20201103_11.jpeg.json,disease_3,3,1,1808.0,80.0,4032.0,3024.0
train,data/by_disease/train/disease_3/images/V006_79_1_03_02_03_12_1_3270e_20201103_13.jpeg,data/by_disease/train/disease_3/labels/V006_79_1_03_02_03_12_1_3270e_20201103_13.jpeg.json,disease_3,3,1,588.0,328.0,3948.0,2556.0
train,data/by_disease/train/disease_3/images/V006_79_1_03_02_03_12_1_3270e_20201103_15.jpeg,data/by_disease/train/disease_3/labels/V006_79_1_03_02_03_12_1_3270e_20201103_15.jpeg.json,disease_3,3,1,1476.0,0.0,4032.0,2036.0
train,data/by_disease/train/disease_3/images/V006_79_1_03_02_03_12_1_3270e_20201103_17.jpeg,data/by_disease/train/disease_3/labels/V006_79_1_03_02_03_12_1_3270e_20201103_17.jpeg.json,disease_3,3,1,1424.0,536.0,4032.0,3024.0
train,data/by_disease/train/disease_3/images/V006_79_1_03_02_03_12_1_3270e_20201103_20.jpeg,data/by_disease/train/disease_3/labels/V006_79_1_03_02_03_12_1_3270e_20201103_20.jpeg.json,disease_3,3,1,840.0,0.0,4032.0,3024.0
train,data/by_disease/train/disease_3/images/V006_79_1_03_02_03_12_1_3270e_20201103_22.jpeg,data/by_disease/train/disease_3/labels/V006_79_1_03_02_03_12_1_3270e_20201103_22.jpeg.json,disease_3,3,1,884.0,560.0,3748.0,1828.0
train,data/by_disease/train/disease_3/images/V006_79_1_03_02_03_12_1_3270e_20201103_23.jpeg,data/by_disease/train/disease_3/labels/V006_79_1_03_02_03_12_1_3270e_20201103_23.jpeg.json,disease_3,3,1,3048.0,1104.0,4032.0,2624.0
train,data/by_disease/train/disease_3/images/V006_79_1_03_02_03_12_1_3270e_20201103_25.jpeg,data/by_disease/train/disease_3/labels/V006_79_1_03_02_03_12_1_3270e_20201103_25.jpeg.json,disease_3,3,1,1872.0,348.0,2988.0,2452.0
train,data/by_disease/train/disease_3/images/V006_79_1_03_02_03_12_1_3270e_20201103_26.jpeg,data/by_disease/train/disease_3/labels/V006_79_1_03_02_03_12_1_3270e_20201103_26.jpeg.json,disease_3,3,1,1780.0,148.0,3988.0,3024.0
train,data/by_disease/train/disease_3/images/V006_79_1_03_02_03_12_1_3270e_20201103_27.jpeg,data/by_disease/train/disease_3/labels/V006_79_1_03_02_03_12_1_3270e_20201103_27.jpeg.json,disease_3,3,1,1444.0,1104.0,3404.0,3024.0
train,data/by_disease/train/disease_3/images/V006_79_1_03_02_03_12_1_3270e_20201103_28.jpeg,data/by_disease/train/disease_3/labels/V006_79_1_03_02_03_12_1_3270e_20201103_28.jpeg.json,disease_3,3,1,0.0,20.0,3608.0,2464.0
train,data/by_disease/train/disease_3/images/V006_79_1_03_02_03_12_1_3270e_20201103_3.jpeg,data/by_disease/train/disease_3/labels/V006_79_1_03_02_03_12_1_3270e_20201103_3.jpeg.json,disease_3,3,1,1916.0,792.0,3444.0,2820.0
train,data/by_disease/train/disease_3/images/V006_79_1_03_02_03_12_1_3270e_20201103_4.jpeg,data/by_disease/train/disease_3/labels/V006_79_1_03_02_03_12_1_3270e_20201103_4.jpeg.json,disease_3,3,1,2260.0,928.0,4032.0,3012.0
train,data/by_disease/train/disease_3/images/V006_79_1_03_02_03_12_1_3270e_20201104_1.jpeg,data/by_disease/train/disease_3/labels/V006_79_1_03_02_03_12_1_3270e_20201104_1.jpeg.json,disease_3,3,1,820.0,8.0,4032.0,3004.0
train,data/by_disease/train/disease_3/images/V006_79_1_03_02_03_12_1_3270e_20201104_12.jpeg,data/by_disease/train/disease_3/labels/V006_79_1_03_02_03_12_1_3270e_20201104_12.jpeg.json,disease_3,3,1,184.0,56.0,4032.0,3008.0
train,data/by_disease/train/disease_3/images/V006_79_1_03_02_03_12_1_3270e_20201104_13.jpeg,data/by_disease/train/disease_3/labels/V006_79_1_03_02_03_12_1_3270e_20201104_13.jpeg.json,disease_3,3,1,1976.0,448.0,3744.0,3008.0
train,data/by_disease/train/disease_3/images/V006_79_1_03_02_03_12_1_3270e_20201104_14.jpeg,data/by_disease/train/disease_3/labels/V006_79_1_03_02_03_12_1_3270e_20201104_14.jpeg.json,disease_3,3,1,1856.0,0.0,3952.0,2828.0
train,data/by_disease/train/disease_3/images/V006_79_1_03_02_03_12_1_3270e_20201104_4.jpeg,data/by_disease/train/disease_3/labels/V006_79_1_03_02_03_12_1_3270e_20201104_4.jpeg.json,disease_3,3,1,2180.0,1072.0,4032.0,3024.0
train,data/by_disease/train/disease_3/images/V006_79_1_03_02_03_12_1_3270e_20201110_13.jpeg,data/by_disease/train/disease_3/labels/V006_79_1_03_02_03_12_1_3270e_20201110_13.jpeg.json,disease_3,3,1,520.0,776.0,3216.0,2376.0
train,data/by_disease/train/disease_3/images/V006_79_1_03_02_03_12_1_3270e_20201110_14.jpeg,data/by_disease/train/disease_3/labels/V006_79_1_03_02_03_12_1_3270e_20201110_14.jpeg.json,disease_3,3,1,1296.0,344.0,3780.0,2980.0
train,data/by_disease/train/disease_3/images/V006_79_1_03_02_03_12_1_3270e_20201110_15.jpeg,data/by_disease/train/disease_3/labels/V006_79_1_03_02_03_12_1_3270e_20201110_15.jpeg.json,disease_3,3,1,1556.0,52.0,4032.0,2620.0
train,data/by_disease/train/disease_3/images/V006_79_1_03_02_03_12_1_3270e_20201116_10.jpeg,data/by_disease/train/disease_3/labels/V006_79_1_03_02_03_12_1_3270e_20201116_10.jpeg.json,disease_3,3,1,1028.0,328.0,3992.0,2204.0
train,data/by_disease/train/disease_3/images/V006_79_1_03_02_03_12_1_3270e_20201116_25.jpeg,data/by_disease/train/disease_3/labels/V006_79_1_03_02_03_12_1_3270e_20201116_25.jpeg.json,disease_3,3,1,1388.0,12.0,3728.0,3020.0
train,data/by_disease/train/disease_3/images/V006_79_1_03_02_03_12_1_3270e_20201116_6.jpeg,data/by_disease/train/disease_3/labels/V006_79_1_03_02_03_12_1_3270e_20201116_6.jpeg.json,disease_3,3,1,2480.0,856.0,3884.0,2500.0
train,data/by_disease/train/disease_3/images/V006_79_1_03_02_03_12_1_3270e_20201116_7.jpeg,data/by_disease/train/disease_3/labels/V006_79_1_03_02_03_12_1_3270e_20201116_7.jpeg.json,disease_3,3,1,1160.0,0.0,3800.0,3024.0
train,data/by_disease/train/disease_3/images/V006_79_1_03_02_03_12_1_3592b_20201028_22.jpeg,data/by_disease/train/disease_3/labels/V006_79_1_03_02_03_12_1_3592b_20201028_22.jpeg.json,disease_3,3,1,952.0,0.0,3667.0,3024.0
train,data/by_disease/train/disease_3/images/V006_79_1_03_02_03_12_1_3592b_20201028_26.jpeg,data/by_disease/train/disease_3/labels/V006_79_1_03_02_03_12_1_3592b_20201028_26.jpeg.json,disease_3,3,1,1152.0,660.0,3301.0,3024.0
train,data/by_disease/train/disease_3/images/V006_79_1_03_02_03_12_1_3592b_20201028_4.jpeg,data/by_disease/train/disease_3/labels/V006_79_1_03_02_03_12_1_3592b_20201028_4.jpeg.json,disease_3,3,1,592.0,489.0,3472.0,3024.0
train,data/by_disease/train/disease_3/images/V006_79_1_03_02_03_12_1_3592b_20201028_5.jpeg,data/by_disease/train/disease_3/labels/V006_79_1_03_02_03_12_1_3592b_20201028_5.jpeg.json,disease_3,3,1,8.0,306.0,3904.0,3024.0
train,data/by_disease/train/disease_3/images/V006_79_1_03_02_03_12_1_3592b_20201028_8.jpeg,data/by_disease/train/disease_3/labels/V006_79_1_03_02_03_12_1_3592b_20201028_8.jpeg.json,disease_3,3,1,1230.0,0.0,4032.0,3024.0
train,data/by_disease/train/disease_3/images/V006_79_1_03_02_03_12_1_3592b_20201102_15.jpeg,data/by_disease/train/disease_3/labels/V006_79_1_03_02_03_12_1_3592b_20201102_15.jpeg.json,disease_3,3,1,1244.0,3.0,3963.0,3019.0
train,data/by_disease/train/disease_3/images/V006_79_1_03_02_03_12_1_3592b_20201102_19.jpeg,data/by_disease/train/disease_3/labels/V006_79_1_03_02_03_12_1_3592b_20201102_19.jpeg.json,disease_3,3,1,1126.0,113.0,4032.0,2766.0
train,data/by_disease/train/disease_3/images/V006_79_1_03_02_03_12_1_3592b_20201102_22.jpeg,data/by_disease/train/disease_3/labels/V006_79_1_03_02_03_12_1_3592b_20201102_22.jpeg.json,disease_3,3,1,318.0,415.0,3690.0,2743.0
train,data/by_disease/train/disease_3/images/V006_79_1_03_02_03_12_1_3592b_20201102_25.jpeg,data/by_disease/train/disease_3/labels/V006_79_1_03_02_03_12_1_3592b_20201102_25.jpeg.json,disease_3,3,1,0.0,0.0,4032.0,2851.0
train,data/by_disease/train/disease_3/images/V006_79_1_03_02_03_12_1_3592b_20201102_26.jpeg,data/by_disease/train/disease_3/labels/V006_79_1_03_02_03_12_1_3592b_20201102_26.jpeg.json,disease_3,3,1,28.0,592.0,4032.0,3024.0
train,data/by_disease/train/disease_3/images/V006_79_1_03_02_03_12_1_3592b_20201102_27.jpeg,data/by_disease/train/disease_3/labels/V006_79_1_03_02_03_12_1_3592b_20201102_27.jpeg.json,disease_3,3,1,0.0,0.0,3150.0,3024.0
train,data/by_disease/train/disease_3/images/V006_79_1_03_02_03_12_1_3592b_20201103_12.jpeg,data/by_disease/train/disease_3/labels/V006_79_1_03_02_03_12_1_3592b_20201103_12.jpeg.json,disease_3,3,1,342.0,28.0,4032.0,2773.0
train,data/by_disease/train/disease_3/images/V006_79_1_03_02_03_12_1_3592b_20201103_16.jpeg,data/by_disease/train/disease_3/labels/V006_79_1_03_02_03_12_1_3592b_20201103_16.jpeg.json,disease_3,3,1,62.0,353.0,4032.0,3017.0
train,data/by_disease/train/disease_3/images/V006_79_1_03_02_03_12_1_3592b_20201103_4.jpeg,data/by_disease/train/disease_3/labels/V006_79_1_03_02_03_12_1_3592b_20201103_4.jpeg.json,disease_3,3,1,626.0,995.0,3336.0,2899.0
train,data/by_disease/train/disease_3/images/V006_79_1_03_02_03_12_1_3592b_20201103_5.jpeg,data/by_disease/train/disease_3/labels/V006_79_1_03_02_03_12_1_3592b_20201103_5.jpeg.json,disease_3,3,1,1426.0,575.0,2986.0,2649.0
train,data/by_disease/train/disease_3/images/V006_79_1_03_02_03_12_1_3592b_20201103_8.jpeg,data/by_disease/train/disease_3/labels/V006_79_1_03_02_03_12_1_3592b_20201103_8.jpeg.json,disease_3,3,1,1236.0,1035.0,3966.0,2799.0
train,data/by_disease/train/disease_3/images/V006_79_1_03_02_03_12_1_3592b_20201104_11.jpeg,data/by_disease/train/disease_3/labels/V006_79_1_03_02_03_12_1_3592b_20201104_11.jpeg.json,disease_3,3,1,612.0,58.0,4032.0,3024.0
train,data/by_disease/train/disease_3/images/V006_79_1_03_02_03_12_1_3592b_20201104_13.jpeg,data/by_disease/train/disease_3/labels/V006_79_1_03_02_03_12_1_3592b_20201104_13.jpeg.json,disease_3,3,1,556.0,365.0,4032.0,3024.0
train,data/by_disease/train/disease_3/images/V006_79_1_03_02_03_12_1_3592b_20201104_14.jpeg,data/by_disease/train/disease_3/labels/V006_79_1_03_02_03_12_1_3592b_20201104_14.jpeg.json,disease_3,3,1,0.0,489.0,3996.0,3024.0
train,data/by_disease/train/disease_3/images/V006_79_1_03_02_03_12_1_3592b_20201104_16.jpeg,data/by_disease/train/disease_3/labels/V006_79_1_03_02_03_12_1_3592b_20201104_16.jpeg.json,disease_3,3,1,690.0,1043.0,4032.0,3024.0
train,data/by_disease/train/disease_3/images/V006_79_1_03_02_03_12_1_3592b_20201104_18.jpeg,data/by_disease/train/disease_3/labels/V006_79_1_03_02_03_12_1_3592b_20201104_18.jpeg.json,disease_3,3,1,3.0,138.0,4032.0,3013.0
train,data/by_disease/train/disease_3/images/V006_79_1_03_02_03_12_1_3592b_20201104_22.jpeg,data/by_disease/train/disease_3/labels/V006_79_1_03_02_03_12_1_3592b_20201104_22.jpeg.json,disease_3,3,1,1424.0,0.0,4032.0,3013.0
train,data/by_disease/train/disease_3/images/V006_79_1_03_02_03_12_1_3592b_20201104_23.jpeg,data/by_disease/train/disease_3/labels/V006_79_1_03_02_03_12_1_3592b_20201104_23.jpeg.json,disease_3,3,1,1008.0,293.0,3578.0,2347.0
train,data/by_disease/train/disease_3/images/V006_79_1_03_02_03_12_1_3592b_20201104_24.jpeg,data/by_disease/train/disease_3/labels/V006_79_1_03_02_03_12_1_3592b_20201104_24.jpeg.json,disease_3,3,1,776.0,0.0,4032.0,3024.0
train,data/by_disease/train/disease_3/images/V006_79_1_03_02_03_12_1_3592b_20201104_5.jpeg,data/by_disease/train/disease_3/labels/V006_79_1_03_02_03_12_1_3592b_20201104_5.jpeg.json,disease_3,3,1,0.0,117.0,1396.0,2571.0
train,data/by_disease/train/disease_3/images/V006_79_1_03_02_03_12_1_3592b_20201104_7.jpeg,data/by_disease/train/disease_3/labels/V006_79_1_03_02_03_12_1_3592b_20201104_7.jpeg.json,disease_3,3,1,524.0,16.0,4007.0,3007.0
train,data/by_disease/train/disease_3/images/V006_79_1_03_02_03_12_1_3592b_20201104_8.jpeg,data/by_disease/train/disease_3/labels/V006_79_1_03_02_03_12_1_3592b_20201104_8.jpeg.json,disease_3,3,1,3.0,64.0,3478.0,3024.0
train,data/by_disease/train/disease_3/images/V006_79_1_03_02_03_12_1_3592b_20201104_9.jpeg,data/by_disease/train/disease_3/labels/V006_79_1_03_02_03_12_1_3592b_20201104_9.jpeg.json,disease_3,3,1,3.0,13.0,4032.0,3016.0
train,data/by_disease/train/disease_3/images/V006_79_1_03_02_03_12_1_3592b_20201110_10.jpeg,data/by_disease/train/disease_3/labels/V006_79_1_03_02_03_12_1_3592b_20201110_10.jpeg.json,disease_3,3,1,674.0,18.0,4032.0,2469.0
train,data/by_disease/train/disease_3/images/V006_79_1_03_02_03_12_1_3592b_20201110_12.jpeg,data/by_disease/train/disease_3/labels/V006_79_1_03_02_03_12_1_3592b_20201110_12.jpeg.json,disease_3,3,1,36.0,0.0,3185.0,3024.0
train,data/by_disease/train/disease_3/images/V006_79_1_03_02_03_12_1_3592b_20201110_13.jpeg,data/by_disease/train/disease_3/labels/V006_79_1_03_02_03_12_1_3592b_20201110_13.jpeg.json,disease_3,3,1,0.0,14.0,4032.0,3014.0
train,data/by_disease/train/disease_3/images/V006_79_1_03_02_03_12_1_3592b_20201110_15.jpeg,data/by_disease/train/disease_3/labels/V006_79_1_03_02_03_12_1_3592b_20201110_15.jpeg.json,disease_3,3,1,465.0,18.0,4032.0,2603.0
train,data/by_disease/train/disease_3/images/V006_79_1_03_02_03_12_1_3592b_20201110_17.jpeg,data/by_disease/train/disease_3/labels/V006_79_1_03_02_03_12_1_3592b_20201110_17.jpeg.json,disease_3,3,1,0.0,468.0,1189.0,3009.0
train,data/by_disease/train/disease_3/images/V006_79_1_03_02_03_12_1_3592b_20201110_20.jpeg,data/by_disease/train/disease_3/labels/V006_79_1_03_02_03_12_1_3592b_20201110_20.jpeg.json,disease_3,3,1,566.0,0.0,3444.0,2072.0
train,data/by_disease/train/disease_3/images/V006_79_1_03_02_03_12_1_3592b_20201110_22.jpeg,data/by_disease/train/disease_3/labels/V006_79_1_03_02_03_12_1_3592b_20201110_22.jpeg.json,disease_3,3,1,842.0,769.0,3635.0,3024.0
train,data/by_disease/train/disease_3/images/V006_79_1_03_02_03_12_1_3592b_20201110_25.jpeg,data/by_disease/train/disease_3/labels/V006_79_1_03_02_03_12_1_3592b_20201110_25.jpeg.json,disease_3,3,1,853.0,0.0,4032.0,3024.0
train,data/by_disease/train/disease_3/images/V006_79_1_03_02_03_12_1_3592b_20201110_28.jpeg,data/by_disease/train/disease_3/labels/V006_79_1_03_02_03_12_1_3592b_20201110_28.jpeg.json,disease_3,3,1,1402.0,905.0,4032.0,2996.0
train,data/by_disease/train/disease_3/images/V006_79_1_03_02_03_12_1_3592b_20201110_29.jpeg,data/by_disease/train/disease_3/labels/V006_79_1_03_02_03_12_1_3592b_20201110_29.jpeg.json,disease_3,3,1,0.0,3.0,4032.0,3024.0
train,data/by_disease/train/disease_3/images/V006_79_1_03_02_03_12_1_3592b_20201110_30.jpeg,data/by_disease/train/disease_3/labels/V006_79_1_03_02_03_12_1_3592b_20201110_30.jpeg.json,disease_3,3,1,754.0,30.0,3592.0,3024.0
train,data/by_disease/train/disease_3/images/V006_79_1_03_02_03_12_1_3592b_20201110_4.jpeg,data/by_disease/train/disease_3/labels/V006_79_1_03_02_03_12_1_3592b_20201110_4.jpeg.json,disease_3,3,1,1244.0,15.0,3911.0,2983.0
train,data/by_disease/train/disease_3/images/V006_79_1_03_02_03_12_1_3592b_20201110_5.jpeg,data/by_disease/train/disease_3/labels/V006_79_1_03_02_03_12_1_3592b_20201110_5.jpeg.json,disease_3,3,1,550.0,16.0,4032.0,3024.0
train,data/by_disease/train/disease_3/images/V006_79_1_03_02_03_12_1_3592b_20201110_6.jpeg,data/by_disease/train/disease_3/labels/V006_79_1_03_02_03_12_1_3592b_20201110_6.jpeg.json,disease_3,3,1,680.0,0.0,4032.0,3024.0
train,data/by_disease/train/disease_3/images/V006_79_1_03_02_03_12_1_3592b_20201110_8.jpeg,data/by_disease/train/disease_3/labels/V006_79_1_03_02_03_12_1_3592b_20201110_8.jpeg.json,disease_3,3,1,592.0,0.0,4024.0,2836.0
train,data/by_disease/train/disease_3/images/V006_79_1_03_02_03_12_1_3592b_20201110_9.jpeg,data/by_disease/train/disease_3/labels/V006_79_1_03_02_03_12_1_3592b_20201110_9.jpeg.json,disease_3,3,1,1136.0,285.0,4032.0,3024.0
train,data/by_disease/train/disease_3/images/V006_79_1_03_02_03_12_1_3592b_20201117_12.jpeg,data/by_disease/train/disease_3/labels/V006_79_1_03_02_03_12_1_3592b_20201117_12.jpeg.json,disease_3,3,1,976.0,20.0,3415.0,3024.0
train,data/by_disease/train/disease_3/images/V006_79_1_03_02_03_12_1_3592b_20201117_13.jpeg,data/by_disease/train/disease_3/labels/V006_79_1_03_02_03_12_1_3592b_20201117_13.jpeg.json,disease_3,3,1,1922.0,0.0,2930.0,2045.0
train,data/by_disease/train/disease_3/images/V006_79_1_03_02_03_12_1_3592b_20201117_17.jpeg,data/by_disease/train/disease_3/labels/V006_79_1_03_02_03_12_1_3592b_20201117_17.jpeg.json,disease_3,3,1,2246.0,328.0,3067.0,2937.0
train,data/by_disease/train/disease_3/images/V006_79_1_03_02_03_12_1_3592b_20201117_19.jpeg,data/by_disease/train/disease_3/labels/V006_79_1_03_02_03_12_1_3592b_20201117_19.jpeg.json,disease_3,3,1,1596.0,189.0,4032.0,2721.0
train,data/by_disease/train/disease_3/images/V006_79_1_03_02_03_12_1_3592b_20201117_24.jpeg,data/by_disease/train/disease_3/labels/V006_79_1_03_02_03_12_1_3592b_20201117_24.jpeg.json,disease_3,3,1,966.0,273.0,2326.0,2457.0
train,data/by_disease/train/disease_3/images/V006_79_1_03_02_03_12_1_3592b_20201117_28.jpeg,data/by_disease/train/disease_3/labels/V006_79_1_03_02_03_12_1_3592b_20201117_28.jpeg.json,disease_3,3,1,2113.0,608.0,4032.0,2991.0
train,data/by_disease/train/disease_3/images/V006_79_1_03_02_03_12_1_3592b_20201117_29.jpeg,data/by_disease/train/disease_3/labels/V006_79_1_03_02_03_12_1_3592b_20201117_29.jpeg.json,disease_3,3,1,448.0,19.0,4032.0,2547.0
train,data/by_disease/train/disease_3/images/V006_79_1_03_02_03_12_1_3592b_20201117_7.jpeg,data/by_disease/train/disease_3/labels/V006_79_1_03_02_03_12_1_3592b_20201117_7.jpeg.json,disease_3,3,1,0.0,0.0,3446.0,3024.0
train,data/by_disease/train/disease_3/images/V006_79_1_03_02_03_12_1_3592b_20201117_8.jpeg,data/by_disease/train/disease_3/labels/V006_79_1_03_02_03_12_1_3592b_20201117_8.jpeg.json,disease_3,3,1,786.0,45.0,3580.0,2991.0
train,data/by_disease/train/disease_3/images/V006_79_1_03_02_03_12_1_3592b_20201118_15.jpeg,data/by_disease/train/disease_3/labels/V006_79_1_03_02_03_12_1_3592b_20201118_15.jpeg.json,disease_3,3,1,1376.0,575.0,3406.0,2999.0
train,data/by_disease/train/disease_3/images/V006_79_1_03_02_03_12_1_3592b_20201118_2.jpeg,data/by_disease/train/disease_3/labels/V006_79_1_03_02_03_12_1_3592b_20201118_2.jpeg.json,disease_3,3,1,542.0,670.0,1975.0,3024.0
train,data/by_disease/train/disease_3/images/V006_79_1_03_02_03_12_1_3592b_20201118_25.jpeg,data/by_disease/train/disease_3/labels/V006_79_1_03_02_03_12_1_3592b_20201118_25.jpeg.json,disease_3,3,1,1048.0,27.0,4032.0,2495.0
train,data/by_disease/train/disease_3/images/V006_79_1_03_02_03_12_1_3592b_20201118_4.jpeg,data/by_disease/train/disease_3/labels/V006_79_1_03_02_03_12_1_3592b_20201118_4.jpeg.json,disease_3,3,1,406.0,325.0,3646.0,2939.0
train,data/by_disease/train/disease_3/images/V006_79_1_03_02_03_12_1_3592b_20201118_5.jpeg,data/by_disease/train/disease_3/labels/V006_79_1_03_02_03_12_1_3592b_20201118_5.jpeg.json,disease_3,3,1,266.0,65.0,3936.0,2959.0
train,data/by_disease/train/disease_3/images/V006_79_1_03_02_03_12_1_3592b_20201118_9.jpeg,data/by_disease/train/disease_3/labels/V006_79_1_03_02_03_12_1_3592b_20201118_9.jpeg.json,disease_3,3,1,1640.0,183.0,4032.0,3024.0
train,data/by_disease/train/disease_3/images/V006_79_1_03_02_03_12_1_3592b_20201124_1.jpeg,data/by_disease/train/disease_3/labels/V006_79_1_03_02_03_12_1_3592b_20201124_1.jpeg.json,disease_3,3,1,706.0,548.0,2484.0,3011.0
train,data/by_disease/train/disease_3/images/V006_79_1_03_02_03_12_1_3592b_20201124_20.jpeg,data/by_disease/train/disease_3/labels/V006_79_1_03_02_03_12_1_3592b_20201124_20.jpeg.json,disease_3,3,1,1066.0,65.0,3366.0,2969.0
train,data/by_disease/train/disease_3/images/V006_79_1_03_02_03_12_1_3592b_20201124_21.jpeg,data/by_disease/train/disease_3/labels/V006_79_1_03_02_03_12_1_3592b_20201124_21.jpeg.json,disease_3,3,1,166.0,60.0,3306.0,2584.0
train,data/by_disease/train/disease_3/images/V006_79_1_03_02_03_12_1_3592b_20201124_22.jpeg,data/by_disease/train/disease_3/labels/V006_79_1_03_02_03_12_1_3592b_20201124_22.jpeg.json,disease_3,3,1,616.0,440.0,3916.0,3024.0
train,data/by_disease/train/disease_3/images/V006_79_1_03_02_03_12_1_3592b_20201124_24.jpeg,data/by_disease/train/disease_3/labels/V006_79_1_03_02_03_12_1_3592b_20201124_24.jpeg.json,disease_3,3,1,280.0,0.0,3233.0,3024.0
train,data/by_disease/train/disease_3/images/V006_79_1_03_02_03_12_1_3592b_20201124_4.jpeg,data/by_disease/train/disease_3/labels/V006_79_1_03_02_03_12_1_3592b_20201124_4.jpeg.json,disease_3,3,1,652.0,180.0,3548.0,2178.0
train,data/by_disease/train/disease_3/images/V006_79_1_03_02_03_12_1_5389e_20201021_12.jpg,data/by_disease/train/disease_3/labels/V006_79_1_03_02_03_12_1_5389e_20201021_12.jpg.json,disease_3,3,1,692.0,1375.0,2298.0,2662.0
train,data/by_disease/train/disease_3/images/V006_79_1_03_02_03_12_1_5389e_20201021_2.jpg,data/by_disease/train/disease_3/labels/V006_79_1_03_02_03_12_1_5389e_20201021_2.jpg.json,disease_3,3,1,747.0,598.0,2566.0,2679.0
train,data/by_disease/train/disease_3/images/V006_79_1_03_02_03_12_1_5389e_20201022_12.jpeg,data/by_disease/train/disease_3/labels/V006_79_1_03_02_03_12_1_5389e_20201022_12.jpeg.json,disease_3,3,1,1.0,216.0,2099.0,2425.0
train,data/by_disease/train/disease_3/images/V006_79_1_03_02_03_12_1_5389e_20201022_13.jpeg,data/by_disease/train/disease_3/labels/V006_79_1_03_02_03_12_1_5389e_20201022_13.jpeg.json,disease_3,3,1,0.0,1562.0,2085.0,3024.0
train,data/by_disease/train/disease_3/images/V006_79_1_03_02_03_12_1_5389e_20201022_16.jpeg,data/by_disease/train/disease_3/labels/V006_79_1_03_02_03_12_1_5389e_20201022_16.jpeg.json,disease_3,3,1,593.0,176.0,2258.0,1984.0
train,data/by_disease/train/disease_3/images/V006_79_1_03_02_03_12_1_5389e_20201022_18.jpeg,data/by_disease/train/disease_3/labels/V006_79_1_03_02_03_12_1_5389e_20201022_18.jpeg.json,disease_3,3,1,693.0,1074.0,2165.0,3024.0
train,data/by_disease/train/disease_3/images/V006_79_1_03_02_03_12_1_5389e_20201022_7.jpeg,data/by_disease/train/disease_3/labels/V006_79_1_03_02_03_12_1_5389e_20201022_7.jpeg.json,disease_3,3,1,180.0,376.0,1798.0,2258.0
train,data/by_disease/train/disease_3/images/V006_79_1_03_02_03_12_1_5389e_20201022_8.jpeg,data/by_disease/train/disease_3/labels/V006_79_1_03_02_03_12_1_5389e_20201022_8.jpeg.json,disease_3,3,1,0.0,202.0,3024.0,3024.0
train,data/by_disease/train/disease_3/images/V006_79_1_03_02_03_12_1_5389e_20201023_10.jpeg,data/by_disease/train/disease_3/labels/V006_79_1_03_02_03_12_1_5389e_20201023_10.jpeg.json,disease_3,3,1,60.0,0.0,2415.0,2752.0
train,data/by_disease/train/disease_3/images/V006_79_1_03_02_03_12_1_5389e_20201023_11.jpeg,data/by_disease/train/disease_3/labels/V006_79_1_03_02_03_12_1_5389e_20201023_11.jpeg.json,disease_3,3,1,520.0,802.0,3456.0,3104.0
train,data/by_disease/train/disease_3/images/V006_79_1_03_02_03_12_1_5389e_20201023_13.jpeg,data/by_disease/train/disease_3/labels/V006_79_1_03_02_03_12_1_5389e_20201023_13.jpeg.json,disease_3,3,1,1668.0,83.0,3446.0,2553.0
train,data/by_disease/train/disease_3/images/V006_79_1_03_02_03_12_1_5389e_20201023_14.jpeg,data/by_disease/train/disease_3/labels/V006_79_1_03_02_03_12_1_5389e_20201023_14.jpeg.json,disease_3,3,1,1678.0,1023.0,3456.0,3163.0
train,data/by_disease/train/disease_3/images/V006_79_1_03_02_03_12_1_5389e_20201023_15.jpeg,data/by_disease/train/disease_3/labels/V006_79_1_03_02_03_12_1_5389e_20201023_15.jpeg.json,disease_3,3,1,468.0,253.0,2496.0,3093.0
train,data/by_disease/train/disease_3/images/V006_79_1_03_02_03_12_1_5389e_20201023_16.jpeg,data/by_disease/train/disease_3/labels/V006_79_1_03_02_03_12_1_5389e_20201023_16.jpeg.json,disease_3,3,1,0.0,1046.0,2598.0,3336.0
train,data/by_disease/train/disease_3/images/V006_79_1_03_02_03_12_1_5389e_20201023_18.jpeg,data/by_disease/train/disease_3/labels/V006_79_1_03_02_03_12_1_5389e_20201023_18.jpeg.json,disease_3,3,1,0.0,0.0,3456.0,3456.0
train,data/by_disease/train/disease_3/images/V006_79_1_03_02_03_12_1_5389e_20201023_20.jpeg,data/by_disease/train/disease_3/labels/V006_79_1_03_02_03_12_1_5389e_20201023_20.jpeg.json,disease_3,3,1,210.0,336.0,2608.0,3336.0
train,data/by_disease/train/disease_3/images/V006_79_1_03_02_03_12_1_5389e_20201023_21.jpeg,data/by_disease/train/disease_3/labels/V006_79_1_03_02_03_12_1_5389e_20201023_21.jpeg.json,disease_3,3,1,1060.0,6.0,3438.0,2906.0
train,data/by_disease/train/disease_3/images/V006_79_1_03_02_03_12_1_5389e_20201023_23.jpeg,data/by_disease/train/disease_3/labels/V006_79_1_03_02_03_12_1_5389e_20201023_23.jpeg.json,disease_3,3,1,260.0,926.0,2088.0,3456.0
train,data/by_disease/train/disease_3/images/V006_79_1_03_02_03_12_1_5389e_20201023_25.jpeg,data/by_disease/train/disease_3/labels/V006_79_1_03_02_03_12_1_5389e_20201023_25.jpeg.json,disease_3,3,1,0.0,1076.0,3456.0,3456.0
train,data/by_disease/train/disease_3/images/V006_79_1_03_02_03_12_1_5389e_20201023_26.jpeg,data/by_disease/train/disease_3/labels/V006_79_1_03_02_03_12_1_5389e_20201023_26.jpeg.json,disease_3,3,1,0.0,0.0,2626.0,2130.0
train,data/by_disease/train/disease_3/images/V006_79_1_03_02_03_12_1_5389e_20201023_27.jpeg,data/by_disease/train/disease_3/labels/V006_79_1_03_02_03_12_1_5389e_20201023_27.jpeg.json,disease_3,3,1,550.0,806.0,3456.0,3096.0
train,data/by_disease/train/disease_3/images/V006_79_1_03_02_03_12_1_5389e_20201023_30.jpeg,data/by_disease/train/disease_3/labels/V006_79_1_03_02_03_12_1_5389e_20201023_30.jpeg.json,disease_3,3,1,1489.0,1076.0,3455.0,3456.0
train,data/by_disease/train/disease_3/images/V006_79_1_03_02_03_12_1_5389e_20201023_32.jpeg,data/by_disease/train/disease_3/labels/V006_79_1_03_02_03_12_1_5389e_20201023_32.jpeg.json,disease_3,3,1,0.0,1186.0,2556.0,3176.0
train,data/by_disease/train/disease_3/images/V006_79_1_03_02_03_12_1_5389e_20201023_4.jpeg,data/by_disease/train/disease_3/labels/V006_79_1_03_02_03_12_1_5389e_20201023_4.jpeg.json,disease_3,3,1,0.0,336.0,2596.0,3036.0
train,data/by_disease/train/disease_3/images/V006_79_1_03_02_03_12_1_5389e_20201023_6.jpeg,data/by_disease/train/disease_3/labels/V006_79_1_03_02_03_12_1_5389e_20201023_6.jpeg.json,disease_3,3,1,880.0,0.0,2556.0,2610.0
train,data/by_disease/train/disease_3/images/V006_79_1_03_02_03_12_1_5389e_20201023_7.jpeg,data/by_disease/train/disease_3/labels/V006_79_1_03_02_03_12_1_5389e_20201023_7.jpeg.json,disease_3,3,1,180.0,926.0,2146.0,3456.0
train,data/by_disease/train/disease_3/images/V006_79_1_03_02_03_12_1_5389e_20201023_8.jpeg,data/by_disease/train/disease_3/labels/V006_79_1_03_02_03_12_1_5389e_20201023_8.jpeg.json,disease_3,3,1,0.0,56.0,1156.0,3236.0
train,data/by_disease/train/disease_3/images/V006_79_1_03_02_03_12_1_5389e_20201023_9.jpeg,data/by_disease/train/disease_3/labels/V006_79_1_03_02_03_12_1_5389e_20201023_9.jpeg.json,disease_3,3,1,0.0,1066.0,3456.0,3446.0
train,data/by_disease/train/disease_3/images/V006_79_1_03_02_03_12_1_5389e_20201030_1.jpeg,data/by_disease/train/disease_3/labels/V006_79_1_03_02_03_12_1_5389e_20201030_1.jpeg.json,disease_3,3,1,567.0,0.0,2574.0,3024.0
train,data/by_disease/train/disease_3/images/V006_79_1_03_02_03_12_1_5389e_20201030_15.jpeg,data/by_disease/train/disease_3/labels/V006_79_1_03_02_03_12_1_5389e_20201030_15.jpeg.json,disease_3,3,1,300.0,834.0,2944.0,2334.0
train,data/by_disease/train/disease_3/images/V006_79_1_03_02_03_12_1_5389e_20201030_16.jpeg,data/by_disease/train/disease_3/labels/V006_79_1_03_02_03_12_1_5389e_20201030_16.jpeg.json,disease_3,3,1,200.0,204.0,1724.0,2684.0
train,data/by_disease/train/disease_3/images/V006_79_1_03_02_03_12_1_5389e_20201030_17.jpeg,data/by_disease/train/disease_3/labels/V006_79_1_03_02_03_12_1_5389e_20201030_17.jpeg.json,disease_3,3,1,0.0,304.0,3024.0,1684.0
train,data/by_disease/train/disease_3/images/V006_79_1_03_02_03_12_1_5389e_20201030_2.jpeg,data/by_disease/train/disease_3/labels/V006_79_1_03_02_03_12_1_5389e_20201030_2.jpeg.json,disease_3,3,1,580.0,404.0,2604.0,2804.0
train,data/by_disease/train/disease_3/images/V006_79_1_03_02_03_12_1_5389e_20201030_20.jpeg,data/by_disease/train/disease_3/labels/V006_79_1_03_02_03_12_1_5389e_20201030_20.jpeg.json,disease_3,3,1,20.0,0.0,3024.0,3024.0
train,data/by_disease/train/disease_3/images/V006_79_1_03_02_03_12_1_5389e_20201030_3.jpeg,data/by_disease/train/disease_3/labels/V006_79_1_03_02_03_12_1_5389e_20201030_3.jpeg.json,disease_3,3,1,950.0,0.0,3024.0,3024.0
train,data/by_disease/train/disease_3/images/V006_79_1_03_02_03_12_1_5389e_20201030_4.jpeg,data/by_disease/train/disease_3/labels/V006_79_1_03_02_03_12_1_5389e_20201030_4.jpeg.json,disease_3,3,1,1540.0,1084.0,2644.0,2364.0
train,data/by_disease/train/disease_3/images/V006_79_1_03_02_03_12_1_5389e_20201030_7.jpeg,data/by_disease/train/disease_3/labels/V006_79_1_03_02_03_12_1_5389e_20201030_7.jpeg.json,disease_3,3,1,390.0,964.0,3024.0,3024.0
train,data/by_disease/train/disease_3/images/V006_79_1_03_02_03_12_1_5389e_20201030_8.jpeg,data/by_disease/train/disease_3/labels/V006_79_1_03_02_03_12_1_5389e_20201030_8.jpeg.json,disease_3,3,1,490.0,274.0,2624.0,2594.0
train,data/by_disease/train/disease_3/images/V006_79_1_03_02_03_12_1_5389e_20201030_9.jpeg,data/by_disease/train/disease_3/labels/V006_79_1_03_02_03_12_1_5389e_20201030_9.jpeg.json,disease_3,3,1,1300.0,374.0,2754.0,2064.0
train,data/by_disease/train/disease_3/images/V006_79_1_03_02_03_12_1_5389e_20201105_1.jpeg,data/by_disease/train/disease_3/labels/V006_79_1_03_02_03_12_1_5389e_20201105_1.jpeg.json,disease_3,3,1,850.0,984.0,2324.0,2724.0
train,data/by_disease/train/disease_3/images/V006_79_1_03_02_03_12_1_5389e_20201105_13.jpeg,data/by_disease/train/disease_3/labels/V006_79_1_03_02_03_12_1_5389e_20201105_13.jpeg.json,disease_3,3,1,690.0,204.0,2924.0,2584.0
train,data/by_disease/train/disease_3/images/V006_79_1_03_02_03_12_1_5389e_20201105_14.jpeg,data/by_disease/train/disease_3/labels/V006_79_1_03_02_03_12_1_5389e_20201105_14.jpeg.json,disease_3,3,1,110.0,594.0,2594.0,2844.0
train,data/by_disease/train/disease_3/images/V006_79_1_03_02_03_12_1_5389e_20201105_16.jpeg,data/by_disease/train/disease_3/labels/V006_79_1_03_02_03_12_1_5389e_20201105_16.jpeg.json,disease_3,3,1,537.0,180.0,3021.0,2430.0
train,data/by_disease/train/disease_3/images/V006_79_1_03_02_03_12_1_5389e_20201105_17.jpeg,data/by_disease/train/disease_3/labels/V006_79_1_03_02_03_12_1_5389e_20201105_17.jpeg.json,disease_3,3,1,65.0,222.0,2598.0,2262.0
train,data/by_disease/train/disease_3/images/V006_79_1_03_02_03_12_1_5389e_20201105_3.jpeg,data/by_disease/train/disease_3/labels/V006_79_1_03_02_03_12_1_5389e_20201105_3.jpeg.json,disease_3,3,1,0.0,0.0,2553.0,3024.0
train,data/by_disease/train/disease_3/images/V006_79_1_03_02_03_12_1_5389e_20201105_4.jpeg,data/by_disease/train/disease_3/labels/V006_79_1_03_02_03_12_1_5389e_20201105_4.jpeg.json,disease_3,3,1,585.0,552.0,2708.0,2482.0
train,data/by_disease/train/disease_3/images/V006_79_1_03_02_03_12_1_5389e_20201105_5.jpeg,data/by_disease/train/disease_3/labels/V006_79_1_03_02_03_12_1_5389e_20201105_5.jpeg.json,disease_3,3,1,5.0,202.0,1708.0,2092.0
train,data/by_disease/train/disease_3/images/V006_79_1_03_02_03_12_1_5389e_20201106_1.jpeg,data/by_disease/train/disease_3/labels/V006_79_1_03_02_03_12_1_5389e_20201106_1.jpeg.json,disease_3,3,1,455.0,132.0,2988.0,2172.0
train,data/by_disease/train/disease_3/images/V006_79_1_03_02_03_12_1_5389e_20201106_10.jpeg,data/by_disease/train/disease_3/labels/V006_79_1_03_02_03_12_1_5389e_20201106_10.jpeg.json,disease_3,3,1,0.0,0.0,2748.0,2572.0
train,data/by_disease/train/disease_3/images/V006_79_1_03_02_03_12_1_5389e_20201106_11.jpeg,data/by_disease/train/disease_3/labels/V006_79_1_03_02_03_12_1_5389e_20201106_11.jpeg.json,disease_3,3,1,292.0,382.0,2585.0,1962.0
train,data/by_disease/train/disease_3/images/V006_79_1_03_02_03_12_1_5389e_20201106_12.jpeg,data/by_disease/train/disease_3/labels/V006_79_1_03_02_03_12_1_5389e_20201106_12.jpeg.json,disease_3,3,1,318.0,422.0,2611.0,2242.0
train,data/by_disease/train/disease_3/images/V006_79_1_03_02_03_12_1_5389e_20201106_13.jpeg,data/by_disease/train/disease_3/labels/V006_79_1_03_02_03_12_1_5389e_20201106_13.jpeg.json,disease_3,3,1,25.0,42.0,3024.0,3024.0
train,data/by_disease/train/disease_3/images/V006_79_1_03_02_03_12_1_5389e_20201106_15.jpeg,data/by_disease/train/disease_3/labels/V006_79_1_03_02_03_12_1_5389e_20201106_15.jpeg.json,disease_3,3,1,536.0,18.0,3024.0,3014.0
train,data/by_disease/train/disease_3/images/V006_79_1_03_02_03_12_1_5389e_20201106_2.jpeg,data/by_disease/train/disease_3/labels/V006_79_1_03_02_03_12_1_5389e_20201106_2.jpeg.json,disease_3,3,1,13.0,1267.0,2175.0,3024.0
train,data/by_disease/train/disease_3/images/V006_79_1_03_02_03_12_1_5389e_20201106_20.jpeg,data/by_disease/train/disease_3/labels/V006_79_1_03_02_03_12_1_5389e_20201106_20.jpeg.json,disease_3,3,1,0.0,6.0,2499.0,3024.0
train,data/by_disease/train/disease_3/images/V006_79_1_03_02_03_12_1_5389e_20201106_3.jpeg,data/by_disease/train/disease_3/labels/V006_79_1_03_02_03_12_1_5389e_20201106_3.jpeg.json,disease_3,3,1,0.0,416.0,3024.0,2416.0
train,data/by_disease/train/disease_3/images/V006_79_1_03_02_03_12_1_5389e_20201106_4.jpeg,data/by_disease/train/disease_3/labels/V006_79_1_03_02_03_12_1_5389e_20201106_4.jpeg.json,disease_3,3,1,805.0,602.0,2445.0,2008.0
train,data/by_disease/train/disease_3/images/V006_79_1_03_02_03_12_1_5389e_20201106_5.jpeg,data/by_disease/train/disease_3/labels/V006_79_1_03_02_03_12_1_5389e_20201106_5.jpeg.json,disease_3,3,1,951.0,602.0,2777.0,2528.0
train,data/by_disease/train/disease_3/images/V006_79_1_03_02_03_12_1_5389e_20201106_8.jpeg,data/by_disease/train/disease_3/labels/V006_79_1_03_02_03_12_1_5389e_20201106_8.jpeg.json,disease_3,3,1,585.0,222.0,3024.0,3024.0
train,data/by_disease/train/disease_3/images/V006_79_1_03_02_03_12_1_5389e_20201106_9.jpeg,data/by_disease/train/disease_3/labels/V006_79_1_03_02_03_12_1_5389e_20201106_9.jpeg.json,disease_3,3,1,0.0,576.0,2439.0,2698.0
train,data/by_disease/train/disease_3/images/V006_79_1_03_02_03_12_1_5389e_20201113_13.jpeg,data/by_disease/train/disease_3/labels/V006_79_1_03_02_03_12_1_5389e_20201113_13.jpeg.json,disease_3,3,1,991.0,266.0,3024.0,2765.0
train,data/by_disease/train/disease_3/images/V006_79_1_03_02_03_12_1_5389e_20201113_2.jpeg,data/by_disease/train/disease_3/labels/V006_79_1_03_02_03_12_1_5389e_20201113_2.jpeg.json,disease_3,3,1,483.0,146.0,2516.0,2779.0
train,data/by_disease/train/disease_3/images/V006_79_1_03_02_03_12_1_5389e_20201113_5.jpeg,data/by_disease/train/disease_3/labels/V006_79_1_03_02_03_12_1_5389e_20201113_5.jpeg.json,disease_3,3,1,525.0,22.0,3024.0,2444.0
train,data/by_disease/train/disease_3/images/V006_79_1_03_02_03_12_1_5389e_20201113_7.jpeg,data/by_disease/train/disease_3/labels/V006_79_1_03_02_03_12_1_5389e_20201113_7.jpeg.json,disease_3,3,1,16.0,663.0,1956.0,2650.0
train,data/by_disease/train/disease_3/images/V006_79_1_03_02_03_12_1_5389e_20201119_15.jpeg,data/by_disease/train/disease_3/labels/V006_79_1_03_02_03_12_1_5389e_20201119_15.jpeg.json,disease_3,3,1,1465.0,368.0,3024.0,3024.0
train,data/by_disease/train/disease_3/images/V006_79_1_03_02_03_12_1_5389e_20201119_16.jpeg,data/by_disease/train/disease_3/labels/V006_79_1_03_02_03_12_1_5389e_20201119_16.jpeg.json,disease_3,3,1,0.0,0.0,2939.0,2422.0
train,data/by_disease/train/disease_3/images/V006_79_1_03_02_03_12_1_5389e_20201119_18.jpeg,data/by_disease/train/disease_3/labels/V006_79_1_03_02_03_12_1_5389e_20201119_18.jpeg.json,disease_3,3,1,12.0,0.0,3024.0,2649.0
train,data/by_disease/train/disease_3/images/V006_79_1_03_02_03_12_1_5389e_20201119_19.jpeg,data/by_disease/train/disease_3/labels/V006_79_1_03_02_03_12_1_5389e_20201119_19.jpeg.json,disease_3,3,1,0.0,0.0,3012.0,2142.0
train,data/by_disease/train/disease_3/images/V006_79_1_03_02_03_12_1_5389e_20201119_21.jpeg,data/by_disease/train/disease_3/labels/V006_79_1_03_02_03_12_1_5389e_20201119_21.jpeg.json,disease_3,3,1,0.0,82.0,2580.0,2956.0
train,data/by_disease/train/disease_3/images/V006_79_1_03_02_03_12_1_5389e_20201119_23.jpeg,data/by_disease/train/disease_3/labels/V006_79_1_03_02_03_12_1_5389e_20201119_23.jpeg.json,disease_3,3,1,0.0,628.0,2834.0,2655.0
train,data/by_disease/train/disease_3/images/V006_79_1_03_02_03_12_1_5389e_20201119_28.jpeg,data/by_disease/train/disease_3/labels/V006_79_1_03_02_03_12_1_5389e_20201119_28.jpeg.json,disease_3,3,1,579.0,436.0,2897.0,2778.0
train,data/by_disease/train/disease_3/images/V006_79_1_03_02_03_12_1_5389e_20201119_30.jpeg,data/by_disease/train/disease_3/labels/V006_79_1_03_02_03_12_1_5389e_20201119_30.jpeg.json,disease_3,3,1,7.0,0.0,2427.0,2620.0
train,data/by_disease/train/disease_3/images/V006_79_1_03_02_03_12_1_5389e_20201119_32.jpeg,data/by_disease/train/disease_3/labels/V006_79_1_03_02_03_12_1_5389e_20201119_32.jpeg.json,disease_3,3,1,1359.0,462.0,2371.0,2737.0
train,data/by_disease/train/disease_3/images/V006_79_1_03_02_03_12_1_5389e_20201119_36.jpeg,data/by_disease/train/disease_3/labels/V006_79_1_03_02_03_12_1_5389e_20201119_36.jpeg.json,disease_3,3,1,1545.0,1129.0,3024.0,2204.0
train,data/by_disease/train/disease_3/images/V006_79_1_03_02_03_12_1_5389e_20201119_5.jpeg,data/by_disease/train/disease_3/labels/V006_79_1_03_02_03_12_1_5389e_20201119_5.jpeg.json,disease_3,3,1,998.0,349.0,3024.0,2935.0
train,data/by_disease/train/disease_3/images/V006_79_1_03_02_03_12_1_5389e_20201120_10.jpeg,data/by_disease/train/disease_3/labels/V006_79_1_03_02_03_12_1_5389e_20201120_10.jpeg.json,disease_3,3,1,471.0,356.0,2998.0,3024.0
train,data/by_disease/train/disease_3/images/V006_79_1_03_02_03_12_1_5389e_20201120_12.jpeg,data/by_disease/train/disease_3/labels/V006_79_1_03_02_03_12_1_5389e_20201120_12.jpeg.json,disease_3,3,1,1117.0,0.0,3024.0,2313.0
train,data/by_disease/train/disease_3/images/V006_79_1_03_02_03_12_1_5389e_20201120_17.jpeg,data/by_disease/train/disease_3/labels/V006_79_1_03_02_03_12_1_5389e_20201120_17.jpeg.json,disease_3,3,1,1423.0,521.0,2844.0,1981.0
train,data/by_disease/train/disease_3/images/V006_79_1_03_02_03_12_1_5389e_20201120_2.jpeg,data/by_disease/train/disease_3/labels/V006_79_1_03_02_03_12_1_5389e_20201120_2.jpeg.json,disease_3,3,1,786.0,607.0,2859.0,2921.0
train,data/by_disease/train/disease_3/images/V006_79_1_03_02_03_12_1_5389e_20201120_20.jpeg,data/by_disease/train/disease_3/labels/V006_79_1_03_02_03_12_1_5389e_20201120_20.jpeg.json,disease_3,3,1,364.0,714.0,3024.0,2523.0
train,data/by_disease/train/disease_3/images/V006_79_1_03_02_03_12_1_5389e_20201120_21.jpeg,data/by_disease/train/disease_3/labels/V006_79_1_03_02_03_12_1_5389e_20201120_21.jpeg.json,disease_3,3,1,819.0,780.0,2892.0,2641.0
train,data/by_disease/train/disease_3/images/V006_79_1_03_02_03_12_1_5389e_20201120_28.jpeg,data/by_disease/train/disease_3/labels/V006_79_1_03_02_03_12_1_5389e_20201120_28.jpeg.json,disease_3,3,1,33.0,91.0,2989.0,2291.0
train,data/by_disease/train/disease_3/images/V006_79_1_03_02_03_12_1_5389e_20201120_29.jpeg,data/by_disease/train/disease_3/labels/V006_79_1_03_02_03_12_1_5389e_20201120_29.jpeg.json,disease_3,3,1,0.0,970.0,2758.0,2717.0
train,data/by_disease/train/disease_3/images/V006_79_1_03_02_03_12_1_5389e_20201120_5.jpeg,data/by_disease/train/disease_3/labels/V006_79_1_03_02_03_12_1_5389e_20201120_5.jpeg.json,disease_3,3,1,1385.0,1167.0,2718.0,1694.0
train,data/by_disease/train/disease_3/images/V006_79_1_03_02_03_12_1_5389e_20201120_6.jpeg,data/by_disease/train/disease_3/labels/V006_79_1_03_02_03_12_1_5389e_20201120_6.jpeg.json,disease_3,3,1,0.0,707.0,3024.0,2827.0
train,data/by_disease/train/disease_3/images/V006_79_1_03_02_03_12_1_5389e_20201120_7.jpeg,data/by_disease/train/disease_3/labels/V006_79_1_03_02_03_12_1_5389e_20201120_7.jpeg.json,disease_3,3,1,460.0,68.0,2297.0,3024.0
train,data/by_disease/train/disease_3/images/V006_79_1_03_02_03_12_1_5389e_20201120_8.jpeg,data/by_disease/train/disease_3/labels/V006_79_1_03_02_03_12_1_5389e_20201120_8.jpeg.json,disease_3,3,1,50.0,304.0,1970.0,2997.0
train,data/by_disease/train/disease_3/images/V006_79_1_03_02_03_12_1_5389e_20201127_12.jpeg,data/by_disease/train/disease_3/labels/V006_79_1_03_02_03_12_1_5389e_20201127_12.jpeg.json,disease_3,3,1,0.0,6.0,2451.0,3024.0
train,data/by_disease/train/disease_3/images/V006_79_1_03_02_03_12_1_5389e_20201127_8.jpeg,data/by_disease/train/disease_3/labels/V006_79_1_03_02_03_12_1_5389e_20201127_8.jpeg.json,disease_3,3,1,58.0,661.0,2612.0,3008.0
train,data/by_disease/train/disease_3/images/V006_79_1_03_02_03_12_1_5389e_20201127_9.jpeg,data/by_disease/train/disease_3/labels/V006_79_1_03_02_03_12_1_5389e_20201127_9.jpeg.json,disease_3,3,1,0.0,760.0,2261.0,3024.0
train,data/by_disease/train/disease_3/images/V006_79_1_03_02_03_12_1_6814e_20201028_17.jpeg,data/by_disease/train/disease_3/labels/V006_79_1_03_02_03_12_1_6814e_20201028_17.jpeg.json,disease_3,3,1,9.0,5.0,4019.0,3011.0
train,data/by_disease/train/disease_3/images/V006_79_1_03_02_03_12_1_6814e_20201028_22.jpeg,data/by_disease/train/disease_3/labels/V006_79_1_03_02_03_12_1_6814e_20201028_22.jpeg.json,disease_3,3,1,10.0,5.0,4030.0,2982.0
train,data/by_disease/train/disease_3/images/V006_79_1_03_02_03_12_1_6814e_20201028_24.jpeg,data/by_disease/train/disease_3/labels/V006_79_1_03_02_03_12_1_6814e_20201028_24.jpeg.json,disease_3,3,1,362.0,242.0,3972.0,2952.0
train,data/by_disease/train/disease_3/images/V006_79_1_03_02_03_12_1_6814e_20201028_25.jpeg,data/by_disease/train/disease_3/labels/V006_79_1_03_02_03_12_1_6814e_20201028_25.jpeg.json,disease_3,3,1,23.0,0.0,4032.0,2978.0
train,data/by_disease/train/disease_3/images/V006_79_1_03_02_03_12_1_6814e_20201028_29.jpeg,data/by_disease/train/disease_3/labels/V006_79_1_03_02_03_12_1_6814e_20201028_29.jpeg.json,disease_3,3,1,2.0,1349.0,4017.0,3016.0
train,data/by_disease/train/disease_3/images/V006_79_1_03_02_03_12_1_6814e_20201028_5.jpeg,data/by_disease/train/disease_3/labels/V006_79_1_03_02_03_12_1_6814e_20201028_5.jpeg.json,disease_3,3,1,200.0,1033.0,3374.0,3024.0
train,data/by_disease/train/disease_3/images/V006_79_1_03_02_03_12_1_6814e_20201028_6.jpeg,data/by_disease/train/disease_3/labels/V006_79_1_03_02_03_12_1_6814e_20201028_6.jpeg.json,disease_3,3,1,74.0,0.0,3637.0,3009.0
train,data/by_disease/train/disease_3/images/V006_79_1_03_02_03_12_1_6814e_20201102_11.jpeg,data/by_disease/train/disease_3/labels/V006_79_1_03_02_03_12_1_6814e_20201102_11.jpeg.json,disease_3,3,1,341.0,0.0,3780.0,3017.0
train,data/by_disease/train/disease_3/images/V006_79_1_03_02_03_12_1_6814e_20201102_12.jpeg,data/by_disease/train/disease_3/labels/V006_79_1_03_02_03_12_1_6814e_20201102_12.jpeg.json,disease_3,3,1,571.0,26.0,3997.0,3024.0
train,data/by_disease/train/disease_3/images/V006_79_1_03_02_03_12_1_6814e_20201102_13.jpeg,data/by_disease/train/disease_3/labels/V006_79_1_03_02_03_12_1_6814e_20201102_13.jpeg.json,disease_3,3,1,404.0,140.0,3267.0,3023.0
train,data/by_disease/train/disease_3/images/V006_79_1_03_02_03_12_1_6814e_20201102_15.jpeg,data/by_disease/train/disease_3/labels/V006_79_1_03_02_03_12_1_6814e_20201102_15.jpeg.json,disease_3,3,1,1054.0,0.0,3214.0,3010.0
train,data/by_disease/train/disease_3/images/V006_79_1_03_02_03_12_1_6814e_20201102_16.jpeg,data/by_disease/train/disease_3/labels/V006_79_1_03_02_03_12_1_6814e_20201102_16.jpeg.json,disease_3,3,1,730.0,25.0,3024.0,3003.0
train,data/by_disease/train/disease_3/images/V006_79_1_03_02_03_12_1_6814e_20201102_20.jpeg,data/by_disease/train/disease_3/labels/V006_79_1_03_02_03_12_1_6814e_20201102_20.jpeg.json,disease_3,3,1,624.0,0.0,3900.0,3003.0
train,data/by_disease/train/disease_3/images/V006_79_1_03_02_03_12_1_6814e_20201102_27.jpeg,data/by_disease/train/disease_3/labels/V006_79_1_03_02_03_12_1_6814e_20201102_27.jpeg.json,disease_3,3,1,1361.0,139.0,3038.0,3024.0
train,data/by_disease/train/disease_3/images/V006_79_1_03_02_03_12_1_6814e_20201102_3.jpeg,data/by_disease/train/disease_3/labels/V006_79_1_03_02_03_12_1_6814e_20201102_3.jpeg.json,disease_3,3,1,611.0,10.0,4024.0,3024.0
train,data/by_disease/train/disease_3/images/V006_79_1_03_02_03_12_1_6814e_20201102_8.jpeg,data/by_disease/train/disease_3/labels/V006_79_1_03_02_03_12_1_6814e_20201102_8.jpeg.json,disease_3,3,1,21.0,962.0,4032.0,3024.0
train,data/by_disease/train/disease_3/images/V006_79_1_03_02_03_12_1_6814e_20201111_11.jpeg,data/by_disease/train/disease_3/labels/V006_79_1_03_02_03_12_1_6814e_20201111_11.jpeg.json,disease_3,3,1,1184.0,30.0,3164.0,1640.0
train,data/by_disease/train/disease_3/images/V006_79_1_03_02_03_12_1_6814e_20201111_13.jpeg,data/by_disease/train/disease_3/labels/V006_79_1_03_02_03_12_1_6814e_20201111_13.jpeg.json,disease_3,3,1,660.0,50.0,3693.0,2973.0
train,data/by_disease/train/disease_3/images/V006_79_1_03_02_03_12_1_6814e_20201111_18.jpeg,data/by_disease/train/disease_3/labels/V006_79_1_03_02_03_12_1_6814e_20201111_18.jpeg.json,disease_3,3,1,10.0,0.0,3454.0,3009.0
train,data/by_disease/train/disease_3/images/V006_79_1_03_02_03_12_1_6814e_20201111_23.jpeg,data/by_disease/train/disease_3/labels/V006_79_1_03_02_03_12_1_6814e_20201111_23.jpeg.json,disease_3,3,1,264.0,29.0,3558.0,3020.0
train,data/by_disease/train/disease_3/images/V006_79_1_03_02_03_12_1_6814e_20201111_24.jpeg,data/by_disease/train/disease_3/labels/V006_79_1_03_02_03_12_1_6814e_20201111_24.jpeg.json,disease_3,3,1,814.0,286.0,3134.0,3007.0
train,data/by_disease/train/disease_3/images/V006_79_1_03_02_03_12_1_6814e_20201111_25.jpeg,data/by_disease/train/disease_3/labels/V006_79_1_03_02_03_12_1_6814e_20201111_25.jpeg.json,disease_3,3,1,207.0,310.0,3287.0,2736.0
train,data/by_disease/train/disease_3/images/V006_79_1_03_02_03_12_1_6814e_20201111_28.jpeg,data/by_disease/train/disease_3/labels/V006_79_1_03_02_03_12_1_6814e_20201111_28.jpeg.json,disease_3,3,1,20.0,0.0,3217.0,3024.0
train,data/by_disease/train/disease_3/images/V006_79_1_03_02_03_12_1_9662e_20201006_17.jpg,data/by_disease/train/disease_3/labels/V006_79_1_03_02_03_12_1_9662e_20201006_17.jpg.json,disease_3,3,1,726.0,486.0,2632.0,2448.0
train,data/by_disease/train/disease_3/images/V006_79_1_03_02_03_12_1_9662e_20201006_19.jpg,data/by_disease/train/disease_3/labels/V006_79_1_03_02_03_12_1_9662e_20201006_19.jpg.json,disease_3,3,1,796.0,0.0,2137.0,2692.0
train,data/by_disease/train/disease_3/images/V006_79_1_03_02_03_12_1_9662e_20201006_20.jpg,data/by_disease/train/disease_3/labels/V006_79_1_03_02_03_12_1_9662e_20201006_20.jpg.json,disease_3,3,1,0.0,1263.0,2847.0,2624.0
train,data/by_disease/train/disease_3/images/V006_79_1_03_02_03_12_1_9662e_20201014_15.jpg,data/by_disease/train/disease_3/labels/V006_79_1_03_02_03_12_1_9662e_20201014_15.jpg.json,disease_3,3,1,971.0,802.0,2466.0,2749.0
train,data/by_disease/train/disease_3/images/V006_79_1_03_02_03_12_1_9662e_20201014_19.jpg,data/by_disease/train/disease_3/labels/V006_79_1_03_02_03_12_1_9662e_20201014_19.jpg.json,disease_3,3,1,441.0,1038.0,2287.0,2654.0
train,data/by_disease/train/disease_3/images/V006_79_1_03_02_03_12_1_9662e_20201014_28.jpg,data/by_disease/train/disease_3/labels/V006_79_1_03_02_03_12_1_9662e_20201014_28.jpg.json,disease_3,3,1,910.0,261.0,2156.0,2313.0
train,data/by_disease/train/disease_3/images/V006_79_1_03_02_03_12_1_9662e_20201014_40.jpg,data/by_disease/train/disease_3/labels/V006_79_1_03_02_03_12_1_9662e_20201014_40.jpg.json,disease_3,3,1,379.0,552.0,1891.0,2149.0
train,data/by_disease/train/disease_3/images/V006_79_1_03_02_03_12_1_9662e_20201020_2.jpeg,data/by_disease/train/disease_3/labels/V006_79_1_03_02_03_12_1_9662e_20201020_2.jpeg.json,disease_3,3,1,0.0,412.0,4028.0,3019.0
train,data/by_disease/train/disease_3/images/V006_79_1_03_02_03_12_1_9662e_20201021_11.jpeg,data/by_disease/train/disease_3/labels/V006_79_1_03_02_03_12_1_9662e_20201021_11.jpeg.json,disease_3,3,1,15.0,0.0,4032.0,2539.0
train,data/by_disease/train/disease_3/images/V006_79_1_03_02_03_12_1_9662e_20201021_16.jpeg,data/by_disease/train/disease_3/labels/V006_79_1_03_02_03_12_1_9662e_20201021_16.jpeg.json,disease_3,3,1,0.0,12.0,2941.0,3015.0
train,data/by_disease/train/disease_3/images/V006_79_1_03_02_03_12_1_9662e_20201021_8.jpeg,data/by_disease/train/disease_3/labels/V006_79_1_03_02_03_12_1_9662e_20201021_8.jpeg.json,disease_3,3,1,15.0,17.0,3218.0,2959.0
train,data/by_disease/train/disease_3/images/V006_79_1_03_02_03_12_1_9662e_20201021_9.jpeg,data/by_disease/train/disease_3/labels/V006_79_1_03_02_03_12_1_9662e_20201021_9.jpeg.json,disease_3,3,1,10.0,2.0,3913.0,2964.0
train,data/by_disease/train/disease_3/images/V006_79_1_03_02_03_12_1_9662e_20201026_13.jpeg,data/by_disease/train/disease_3/labels/V006_79_1_03_02_03_12_1_9662e_20201026_13.jpeg.json,disease_3,3,1,861.0,0.0,3693.0,2562.0
train,data/by_disease/train/disease_3/images/V006_79_1_03_02_03_12_1_9662e_20201026_16.jpeg,data/by_disease/train/disease_3/labels/V006_79_1_03_02_03_12_1_9662e_20201026_16.jpeg.json,disease_3,3,1,0.0,1.0,3082.0,2149.0
train,data/by_disease/train/disease_3/images/V006_79_1_03_02_03_12_1_9662e_20201026_2.jpeg,data/by_disease/train/disease_3/labels/V006_79_1_03_02_03_12_1_9662e_20201026_2.jpeg.json,disease_3,3,1,0.0,967.0,2171.0,2974.0
train,data/by_disease/train/disease_3/images/V006_79_1_03_02_03_12_1_9662e_20201026_4.jpeg,data/by_disease/train/disease_3/labels/V006_79_1_03_02_03_12_1_9662e_20201026_4.jpeg.json,disease_3,3,1,1016.0,1.0,4023.0,3009.0
train,data/by_disease/train/disease_3/images/V006_79_1_03_02_03_12_1_9662e_20201026_7.jpeg,data/by_disease/train/disease_3/labels/V006_79_1_03_02_03_12_1_9662e_20201026_7.jpeg.json,disease_3,3,1,335.0,206.0,3542.0,1762.0
train,data/by_disease/train/disease_3/images/V006_79_1_03_02_03_12_1_9662e_20201102_10.jpeg,data/by_disease/train/disease_3/labels/V006_79_1_03_02_03_12_1_9662e_20201102_10.jpeg.json,disease_3,3,1,0.0,0.0,3657.0,3024.0
train,data/by_disease/train/disease_3/images/V006_79_1_03_02_03_12_1_9662e_20201102_13.jpeg,data/by_disease/train/disease_3/labels/V006_79_1_03_02_03_12_1_9662e_20201102_13.jpeg.json,disease_3,3,1,912.0,1563.0,3083.0,2984.0
train,data/by_disease/train/disease_3/images/V006_79_1_03_02_03_12_1_9662e_20201102_14.jpeg,data/by_disease/train/disease_3/labels/V006_79_1_03_02_03_12_1_9662e_20201102_14.jpeg.json,disease_3,3,1,605.0,41.0,3942.0,2988.0
train,data/by_disease/train/disease_3/images/V006_79_1_03_02_03_12_1_9662e_20201102_4.jpeg,data/by_disease/train/disease_3/labels/V006_79_1_03_02_03_12_1_9662e_20201102_4.jpeg.json,disease_3,3,1,5.0,27.0,2936.0,2974.0
train,data/by_disease/train/disease_3/images/V006_79_1_03_02_03_12_1_9662e_20201102_5.jpeg,data/by_disease/train/disease_3/labels/V006_79_1_03_02_03_12_1_9662e_20201102_5.jpeg.json,disease_3,3,1,1591.0,1.0,3677.0,2679.0
train,data/by_disease/train/disease_3/images/V006_79_1_03_02_03_12_1_9662e_20201102_6.jpeg,data/by_disease/train/disease_3/labels/V006_79_1_03_02_03_12_1_9662e_20201102_6.jpeg.json,disease_3,3,1,5.0,1.0,3097.0,2298.0
train,data/by_disease/train/disease_3/images/V006_79_1_03_02_03_12_1_9662e_20201102_7.jpeg,data/by_disease/train/disease_3/labels/V006_79_1_03_02_03_12_1_9662e_20201102_7.jpeg.json,disease_3,3,1,1066.0,892.0,2541.0,2484.0
train,data/by_disease/train/disease_3/images/V006_79_1_03_02_03_12_1_9662e_20201104_11.jpeg,data/by_disease/train/disease_3/labels/V006_79_1_03_02_03_12_1_9662e_20201104_11.jpeg.json,disease_3,3,1,1327.0,659.0,3479.0,1892.0
train,data/by_disease/train/disease_3/images/V006_79_1_03_02_03_12_1_9662e_20201104_13.jpeg,data/by_disease/train/disease_3/labels/V006_79_1_03_02_03_12_1_9662e_20201104_13.jpeg.json,disease_3,3,1,228.0,441.0,2546.0,1727.0
train,data/by_disease/train/disease_3/images/V006_79_1_03_02_03_12_1_9662e_20201104_15.jpeg,data/by_disease/train/disease_3/labels/V006_79_1_03_02_03_12_1_9662e_20201104_15.jpeg.json,disease_3,3,1,828.0,0.0,3066.0,2634.0
train,data/by_disease/train/disease_3/images/V006_79_1_03_02_03_12_1_9662e_20201104_2.jpeg,data/by_disease/train/disease_3/labels/V006_79_1_03_02_03_12_1_9662e_20201104_2.jpeg.json,disease_3,3,1,1134.0,0.0,2765.0,1740.0
train,data/by_disease/train/disease_3/images/V006_79_1_03_02_03_12_1_9662e_20201104_7.jpeg,data/by_disease/train/disease_3/labels/V006_79_1_03_02_03_12_1_9662e_20201104_7.jpeg.json,disease_3,3,1,921.0,52.0,4032.0,2833.0
train,data/by_disease/train/disease_3/images/V006_79_1_03_02_03_12_1_9662e_20201104_8.jpeg,data/by_disease/train/disease_3/labels/V006_79_1_03_02_03_12_1_9662e_20201104_8.jpeg.json,disease_3,3,1,801.0,0.0,2972.0,2421.0
train,data/by_disease/train/disease_3/images/V006_79_1_03_02_03_12_1_9662e_20201110_10.jpeg,data/by_disease/train/disease_3/labels/V006_79_1_03_02_03_12_1_9662e_20201110_10.jpeg.json,disease_3,3,1,1902.0,1214.0,3565.0,3008.0
train,data/by_disease/train/disease_3/images/V006_79_1_03_02_03_12_1_9662e_20201110_14.jpeg,data/by_disease/train/disease_3/labels/V006_79_1_03_02_03_12_1_9662e_20201110_14.jpeg.json,disease_3,3,1,13.0,16.0,2737.0,3024.0
train,data/by_disease/train/disease_3/images/V006_79_1_03_02_03_12_1_9662e_20201110_15.jpeg,data/by_disease/train/disease_3/labels/V006_79_1_03_02_03_12_1_9662e_20201110_15.jpeg.json,disease_3,3,1,954.0,726.0,2678.0,2433.0
train,data/by_disease/train/disease_3/images/V006_79_1_03_02_03_12_1_9662e_20201110_3.jpeg,data/by_disease/train/disease_3/labels/V006_79_1_03_02_03_12_1_9662e_20201110_3.jpeg.json,disease_3,3,1,646.0,6.0,3238.0,2106.0
train,data/by_disease/train/disease_3/images/V006_79_1_03_02_03_12_1_9662e_20201110_4.jpeg,data/by_disease/train/disease_3/labels/V006_79_1_03_02_03_12_1_9662e_20201110_4.jpeg.json,disease_3,3,1,7.0,426.0,2518.0,2800.0
train,data/by_disease/train/disease_3/images/V006_79_1_03_02_03_12_1_9662e_20201110_5.jpeg,data/by_disease/train/disease_3/labels/V006_79_1_03_02_03_12_1_9662e_20201110_5.jpeg.json,disease_3,3,1,841.0,13.0,2592.0,3021.0
train,data/by_disease/train/disease_3/images/V006_79_1_03_02_03_12_1_9662e_20201110_6.jpeg,data/by_disease/train/disease_3/labels/V006_79_1_03_02_03_12_1_9662e_20201110_6.jpeg.json,disease_3,3,1,2062.0,953.0,3253.0,2099.0
train,data/by_disease/train/disease_3/images/V006_79_1_03_02_03_12_1_9662e_20201110_7.jpeg,data/by_disease/train/disease_3/labels/V006_79_1_03_02_03_12_1_9662e_20201110_7.jpeg.json,disease_3,3,1,0.0,1295.0,2044.0,1980.0
train,data/by_disease/train/disease_3/images/V006_79_1_03_02_03_12_1_9662e_20201116_10.jpeg,data/by_disease/train/disease_3/labels/V006_79_1_03_02_03_12_1_9662e_20201116_10.jpeg.json,disease_3,3,1,320.0,0.0,3725.0,3024.0
train,data/by_disease/train/disease_3/images/V006_79_1_03_02_03_12_1_9662e_20201116_12.jpeg,data/by_disease/train/disease_3/labels/V006_79_1_03_02_03_12_1_9662e_20201116_12.jpeg.json,disease_3,3,1,627.0,440.0,4026.0,2554.0
train,data/by_disease/train/disease_3/images/V006_79_1_03_02_03_12_1_9662e_20201116_13.jpeg,data/by_disease/train/disease_3/labels/V006_79_1_03_02_03_12_1_9662e_20201116_13.jpeg.json,disease_3,3,1,0.0,947.0,4032.0,2974.0
train,data/by_disease/train/disease_3/images/V006_79_1_03_02_03_12_1_9662e_20201116_14.jpeg,data/by_disease/train/disease_3/labels/V006_79_1_03_02_03_12_1_9662e_20201116_14.jpeg.json,disease_3,3,1,0.0,0.0,3933.0,3008.0
train,data/by_disease/train/disease_3/images/V006_79_1_03_02_03_12_1_9662e_20201116_3.jpeg,data/by_disease/train/disease_3/labels/V006_79_1_03_02_03_12_1_9662e_20201116_3.jpeg.json,disease_3,3,1,1808.0,900.0,2785.0,2600.0
train,data/by_disease/train/disease_3/images/V006_79_1_03_02_03_12_1_9662e_20201116_5.jpeg,data/by_disease/train/disease_3/labels/V006_79_1_03_02_03_12_1_9662e_20201116_5.jpeg.json,disease_3,3,1,1127.0,319.0,3105.0,2380.0
train,data/by_disease/train/disease_3/images/V006_79_1_03_02_03_12_1_9662e_20201116_8.jpeg,data/by_disease/train/disease_3/labels/V006_79_1_03_02_03_12_1_9662e_20201116_8.jpeg.json,disease_3,3,1,1529.0,827.0,3233.0,3024.0
train,data/by_disease/train/disease_3/images/V006_79_1_03_02_03_12_1_9662e_20201124_1.jpeg,data/by_disease/train/disease_3/labels/V006_79_1_03_02_03_12_1_9662e_20201124_1.jpeg.json,disease_3,3,1,7.0,253.0,3379.0,2727.0
train,data/by_disease/train/disease_3/images/V006_79_1_03_02_03_12_1_9662e_20201124_10.jpeg,data/by_disease/train/disease_3/labels/V006_79_1_03_02_03_12_1_9662e_20201124_10.jpeg.json,disease_3,3,1,968.0,1017.0,4020.0,3024.0
train,data/by_disease/train/disease_3/images/V006_79_1_03_02_03_12_1_9662e_20201124_11.jpeg,data/by_disease/train/disease_3/labels/V006_79_1_03_02_03_12_1_9662e_20201124_11.jpeg.json,disease_3,3,1,13.0,693.0,3525.0,3020.0
train,data/by_disease/train/disease_3/images/V006_79_1_03_02_03_12_1_9662e_20201124_13.jpeg,data/by_disease/train/disease_3/labels/V006_79_1_03_02_03_12_1_9662e_20201124_13.jpeg.json,disease_3,3,1,1001.0,0.0,3265.0,2474.0
train,data/by_disease/train/disease_3/images/V006_79_1_03_02_03_12_1_9662e_20201124_14.jpeg,data/by_disease/train/disease_3/labels/V006_79_1_03_02_03_12_1_9662e_20201124_14.jpeg.json,disease_3,3,1,1161.0,13.0,3692.0,3024.0
train,data/by_disease/train/disease_3/images/V006_79_1_03_02_03_12_1_9662e_20201124_7.jpeg,data/by_disease/train/disease_3/labels/V006_79_1_03_02_03_12_1_9662e_20201124_7.jpeg.json,disease_3,3,1,1014.0,767.0,4032.0,2574.0
train,data/by_disease/train/disease_3/images/V006_79_1_03_02_03_12_1_9662e_20201124_8.jpeg,data/by_disease/train/disease_3/labels/V006_79_1_03_02_03_12_1_9662e_20201124_8.jpeg.json,disease_3,3,1,1962.0,1538.0,2558.0,3024.0
train,data/by_disease/train/disease_3/images/V006_79_1_03_02_03_12_1_9662e_20201124_9.jpeg,data/by_disease/train/disease_3/labels/V006_79_1_03_02_03_12_1_9662e_20201124_9.jpeg.json,disease_3,3,1,721.0,910.0,2986.0,3024.0
train,data/by_disease/train/disease_3/images/V006_79_1_03_02_03_12_2_3055e_20201021_10.jpg,data/by_disease/train/disease_3/labels/V006_79_1_03_02_03_12_2_3055e_20201021_10.jpg.json,disease_3,3,2,1452.0,0.0,4032.0,1960.0
train,data/by_disease/train/disease_3/images/V006_79_1_03_02_03_12_2_3055e_20201021_7.jpg,data/by_disease/train/disease_3/labels/V006_79_1_03_02_03_12_2_3055e_20201021_7.jpg.json,disease_3,3,2,877.0,1.0,3061.0,1613.0
train,data/by_disease/train/disease_3/images/V006_79_1_03_02_03_12_2_3055e_20201026_5.jpeg,data/by_disease/train/disease_3/labels/V006_79_1_03_02_03_12_2_3055e_20201026_5.jpeg.json,disease_3,3,2,40.0,72.0,3804.0,3020.0
train,data/by_disease/train/disease_3/images/V006_79_1_03_02_03_12_2_3055e_20201027_1.jpeg,data/by_disease/train/disease_3/labels/V006_79_1_03_02_03_12_2_3055e_20201027_1.jpeg.json,disease_3,3,2,1516.0,584.0,2712.0,2548.0
train,data/by_disease/train/disease_3/images/V006_79_1_03_02_03_12_2_3055e_20201027_16.jpeg,data/by_disease/train/disease_3/labels/V006_79_1_03_02_03_12_2_3055e_20201027_16.jpeg.json,disease_3,3,2,64.0,212.0,2836.0,2548.0
train,data/by_disease/train/disease_3/images/V006_79_1_03_02_03_12_2_3055e_20201027_5.jpeg,data/by_disease/train/disease_3/labels/V006_79_1_03_02_03_12_2_3055e_20201027_5.jpeg.json,disease_3,3,2,1068.0,616.0,3316.0,2372.0
train,data/by_disease/train/disease_3/images/V006_79_1_03_02_03_12_2_3055e_20201104_2.jpeg,data/by_disease/train/disease_3/labels/V006_79_1_03_02_03_12_2_3055e_20201104_2.jpeg.json,disease_3,3,2,561.0,531.0,2651.0,2621.0
train,data/by_disease/train/disease_3/images/V006_79_1_03_02_03_12_2_3055e_20201104_4.jpeg,data/by_disease/train/disease_3/labels/V006_79_1_03_02_03_12_2_3055e_20201104_4.jpeg.json,disease_3,3,2,530.0,591.0,2182.0,2295.0
train,data/by_disease/train/disease_3/images/V006_79_1_03_02_03_12_2_3055e_20201104_9.jpeg,data/by_disease/train/disease_3/labels/V006_79_1_03_02_03_12_2_3055e_20201104_9.jpeg.json,disease_3,3,2,1371.0,984.0,3113.0,2149.0
train,data/by_disease/train/disease_3/images/V006_79_1_03_02_03_12_2_3055e_20201111_13.jpeg,data/by_disease/train/disease_3/labels/V006_79_1_03_02_03_12_2_3055e_20201111_13.jpeg.json,disease_3,3,2,781.0,0.0,2826.0,3014.0
train,data/by_disease/train/disease_3/images/V006_79_1_03_02_03_12_2_3055e_20201111_3.jpeg,data/by_disease/train/disease_3/labels/V006_79_1_03_02_03_12_2_3055e_20201111_3.jpeg.json,disease_3,3,2,1468.0,456.0,2632.0,2108.0
train,data/by_disease/train/disease_3/images/V006_79_1_03_02_03_12_2_3055e_20201111_4.jpeg,data/by_disease/train/disease_3/labels/V006_79_1_03_02_03_12_2_3055e_20201111_4.jpeg.json,disease_3,3,2,1192.0,608.0,2908.0,2324.0
train,data/by_disease/train/disease_3/images/V006_79_1_03_02_03_12_2_3055e_20201111_5.jpeg,data/by_disease/train/disease_3/labels/V006_79_1_03_02_03_12_2_3055e_20201111_5.jpeg.json,disease_3,3,2,1852.0,668.0,3004.0,2532.0
train,data/by_disease/train/disease_3/images/V006_79_1_03_02_03_12_2_3055e_20201111_8.jpeg,data/by_disease/train/disease_3/labels/V006_79_1_03_02_03_12_2_3055e_20201111_8.jpeg.json,disease_3,3,2,886.0,966.0,3331.0,2666.0
train,data/by_disease/train/disease_3/images/V006_79_1_03_02_03_12_2_3055e_20201111_9.jpeg,data/by_disease/train/disease_3/labels/V006_79_1_03_02_03_12_2_3055e_20201111_9.jpeg.json,disease_3,3,2,1140.0,640.0,3172.0,1808.0
train,data/by_disease/train/disease_3/images/V006_79_1_03_02_03_12_2_3055e_20201117_13.jpeg,data/by_disease/train/disease_3/labels/V006_79_1_03_02_03_12_2_3055e_20201117_13.jpeg.json,disease_3,3,2,1021.0,921.0,3231.0,3024.0
train,data/by_disease/train/disease_3/images/V006_79_1_03_02_03_12_2_3055e_20201117_14.jpeg,data/by_disease/train/disease_3/labels/V006_79_1_03_02_03_12_2_3055e_20201117_14.jpeg.json,disease_3,3,2,690.0,260.0,3766.0,2686.0
train,data/by_disease/train/disease_3/images/V006_79_1_03_02_03_12_2_3055e_20201117_15.jpeg,data/by_disease/train/disease_3/labels/V006_79_1_03_02_03_12_2_3055e_20201117_15.jpeg.json,disease_3,3,2,200.0,295.0,3606.0,2781.0
train,data/by_disease/train/disease_3/images/V006_79_1_03_02_03_12_2_3055e_20201117_3.jpeg,data/by_disease/train/disease_3/labels/V006_79_1_03_02_03_12_2_3055e_20201117_3.jpeg.json,disease_3,3,2,0.0,0.0,3281.0,2281.0
train,data/by_disease/train/disease_3/images/V006_79_1_03_02_03_12_2_3055e_20201117_7.jpeg,data/by_disease/train/disease_3/labels/V006_79_1_03_02_03_12_2_3055e_20201117_7.jpeg.json,disease_3,3,2,1200.0,207.0,2877.0,3024.0
train,data/by_disease/train/disease_3/images/V006_79_1_03_02_03_12_2_3055e_20201118_1.jpeg,data/by_disease/train/disease_3/labels/V006_79_1_03_02_03_12_2_3055e_20201118_1.jpeg.json,disease_3,3,2,749.0,449.0,3219.0,2246.0
train,data/by_disease/train/disease_3/images/V006_79_1_03_02_03_12_2_3055e_20201118_14.jpeg,data/by_disease/train/disease_3/labels/V006_79_1_03_02_03_12_2_3055e_20201118_14.jpeg.json,disease_3,3,2,1148.0,536.0,3380.0,2796.0
train,data/by_disease/train/disease_3/images/V006_79_1_03_02_03_12_2_3055e_20201118_7.jpeg,data/by_disease/train/disease_3/labels/V006_79_1_03_02_03_12_2_3055e_20201118_7.jpeg.json,disease_3,3,2,460.0,376.0,3244.0,2652.0
train,data/by_disease/train/disease_3/images/V006_79_1_03_02_03_12_2_3055e_20201118_9.jpeg,data/by_disease/train/disease_3/labels/V006_79_1_03_02_03_12_2_3055e_20201118_9.jpeg.json,disease_3,3,2,1150.0,799.0,3321.0,2556.0
train,data/by_disease/train/disease_3/images/V006_79_1_03_02_03_12_2_3055e_20201124_10.jpeg,data/by_disease/train/disease_3/labels/V006_79_1_03_02_03_12_2_3055e_20201124_10.jpeg.json,disease_3,3,2,1121.0,0.0,3371.0,2041.0
train,data/by_disease/train/disease_3/images/V006_79_1_03_02_03_12_2_3055e_20201124_12.jpeg,data/by_disease/train/disease_3/labels/V006_79_1_03_02_03_12_2_3055e_20201124_12.jpeg.json,disease_3,3,2,916.0,24.0,2800.0,2316.0
train,data/by_disease/train/disease_3/images/V006_79_1_03_02_03_12_2_3055e_20201124_3.jpeg,data/by_disease/train/disease_3/labels/V006_79_1_03_02_03_12_2_3055e_20201124_3.jpeg.json,disease_3,3,2,1241.0,709.0,3203.0,2477.0
train,data/by_disease/train/disease_3/images/V006_79_1_03_02_03_12_2_3055e_20201124_4.jpeg,data/by_disease/train/disease_3/labels/V006_79_1_03_02_03_12_2_3055e_20201124_4.jpeg.json,disease_3,3,2,551.0,560.0,3138.0,2886.0
train,data/by_disease/train/disease_3/images/V006_79_1_03_02_03_12_2_3055e_20201124_5.jpeg,data/by_disease/train/disease_3/labels/V006_79_1_03_02_03_12_2_3055e_20201124_5.jpeg.json,disease_3,3,2,1826.0,826.0,2836.0,2026.0
train,data/by_disease/train/disease_3/images/V006_79_1_03_02_03_12_2_3055e_20201124_6.jpeg,data/by_disease/train/disease_3/labels/V006_79_1_03_02_03_12_2_3055e_20201124_6.jpeg.json,disease_3,3,2,1678.0,0.0,4032.0,3004.0
train,data/by_disease/train/disease_3/images/V006_79_1_03_02_03_12_2_3055e_20201124_8.jpeg,data/by_disease/train/disease_3/labels/V006_79_1_03_02_03_12_2_3055e_20201124_8.jpeg.json,disease_3,3,2,1176.0,631.0,4032.0,2650.0
train,data/by_disease/train/disease_3/images/V006_79_1_03_02_03_12_2_3055e_20201125_11.jpeg,data/by_disease/train/disease_3/labels/V006_79_1_03_02_03_12_2_3055e_20201125_11.jpeg.json,disease_3,3,2,1400.0,1121.0,2911.0,2031.0
train,data/by_disease/train/disease_3/images/V006_79_1_03_02_03_12_2_3055e_20201125_7.jpeg,data/by_disease/train/disease_3/labels/V006_79_1_03_02_03_12_2_3055e_20201125_7.jpeg.json,disease_3,3,2,985.0,0.0,3831.0,2320.0
train,data/by_disease/train/disease_3/images/V006_79_1_03_02_03_12_2_5389e_20201014_17.jpg,data/by_disease/train/disease_3/labels/V006_79_1_03_02_03_12_2_5389e_20201014_17.jpg.json,disease_3,3,2,1330.0,881.0,2937.0,1934.0
train,data/by_disease/train/disease_3/images/V006_79_1_03_02_03_12_2_5389e_20201014_26.jpg,data/by_disease/train/disease_3/labels/V006_79_1_03_02_03_12_2_5389e_20201014_26.jpg.json,disease_3,3,2,1274.0,729.0,2910.0,2317.0
train,data/by_disease/train/disease_3/images/V006_79_1_03_02_03_12_2_5389e_20201021_1.jpg,data/by_disease/train/disease_3/labels/V006_79_1_03_02_03_12_2_5389e_20201021_1.jpg.json,disease_3,3,2,578.0,721.0,2491.0,2680.0
train,data/by_disease/train/disease_3/images/V006_79_1_03_02_03_12_2_5389e_20201021_4.jpg,data/by_disease/train/disease_3/labels/V006_79_1_03_02_03_12_2_5389e_20201021_4.jpg.json,disease_3,3,2,17.0,906.0,1957.0,2425.0
train,data/by_disease/train/disease_3/images/V006_79_1_03_02_03_12_2_5389e_20201022_2.jpeg,data/by_disease/train/disease_3/labels/V006_79_1_03_02_03_12_2_5389e_20201022_2.jpeg.json,disease_3,3,2,1000.0,0.0,1659.0,1676.0
train,data/by_disease/train/disease_3/images/V006_79_1_03_02_03_12_2_5389e_20201022_20.jpeg,data/by_disease/train/disease_3/labels/V006_79_1_03_02_03_12_2_5389e_20201022_20.jpeg.json,disease_3,3,2,534.0,862.0,2165.0,2004.0
train,data/by_disease/train/disease_3/images/V006_79_1_03_02_03_12_2_5389e_20201022_3.jpeg,data/by_disease/train/disease_3/labels/V006_79_1_03_02_03_12_2_5389e_20201022_3.jpeg.json,disease_3,3,2,941.0,1068.0,2286.0,2010.0
train,data/by_disease/train/disease_3/images/V006_79_1_03_02_03_12_2_5389e_20201022_5.jpeg,data/by_disease/train/disease_3/labels/V006_79_1_03_02_03_12_2_5389e_20201022_5.jpeg.json,disease_3,3,2,0.0,708.0,2144.0,1964.0
train,data/by_disease/train/disease_3/images/V006_79_1_03_02_03_12_2_5389e_20201022_9.jpeg,data/by_disease/train/disease_3/labels/V006_79_1_03_02_03_12_2_5389e_20201022_9.jpeg.json,disease_3,3,2,20.0,136.0,2244.0,2564.0
train,data/by_disease/train/disease_3/images/V006_79_1_03_02_03_12_2_5389e_20201023_19.jpeg,data/by_disease/train/disease_3/labels/V006_79_1_03_02_03_12_2_5389e_20201023_19.jpeg.json,disease_3,3,2,700.0,10.0,3028.0,2890.0
train,data/by_disease/train/disease_3/images/V006_79_1_03_02_03_12_2_5389e_20201023_3.jpeg,data/by_disease/train/disease_3/labels/V006_79_1_03_02_03_12_2_5389e_20201023_3.jpeg.json,disease_3,3,2,820.0,0.0,2986.0,2360.0
train,data/by_disease/train/disease_3/images/V006_79_1_03_02_03_12_2_5389e_20201030_11.jpeg,data/by_disease/train/disease_3/labels/V006_79_1_03_02_03_12_2_5389e_20201030_11.jpeg.json,disease_3,3,2,390.0,764.0,2924.0,2824.0
train,data/by_disease/train/disease_3/images/V006_79_1_03_02_03_12_2_5389e_20201030_12.jpeg,data/by_disease/train/disease_3/labels/V006_79_1_03_02_03_12_2_5389e_20201030_12.jpeg.json,disease_3,3,2,60.0,84.0,2424.0,2684.0
train,data/by_disease/train/disease_3/images/V006_79_1_03_02_03_12_2_5389e_20201030_13.jpeg,data/by_disease/train/disease_3/labels/V006_79_1_03_02_03_12_2_5389e_20201030_13.jpeg.json,disease_3,3,2,640.0,374.0,2254.0,2784.0
train,data/by_disease/train/disease_3/images/V006_79_1_03_02_03_12_2_5389e_20201030_18.jpeg,data/by_disease/train/disease_3/labels/V006_79_1_03_02_03_12_2_5389e_20201030_18.jpeg.json,disease_3,3,2,1190.0,314.0,3024.0,2374.0
train,data/by_disease/train/disease_3/images/V006_79_1_03_02_03_12_2_5389e_20201105_7.jpeg,data/by_disease/train/disease_3/labels/V006_79_1_03_02_03_12_2_5389e_20201105_7.jpeg.json,disease_3,3,2,558.0,487.0,2198.0,2161.0
train,data/by_disease/train/disease_3/images/V006_79_1_03_02_03_12_2_5389e_20201105_9.jpeg,data/by_disease/train/disease_3/labels/V006_79_1_03_02_03_12_2_5389e_20201105_9.jpeg.json,disease_3,3,2,395.0,659.0,2928.0,2699.0
train,data/by_disease/train/disease_3/images/V006_79_1_03_02_03_12_2_5389e_20201106_19.jpeg,data/by_disease/train/disease_3/labels/V006_79_1_03_02_03_12_2_5389e_20201106_19.jpeg.json,disease_3,3,2,1150.0,1179.0,3017.0,2509.0
train,data/by_disease/train/disease_3/images/V006_79_1_03_02_03_12_2_5389e_20201113_11.jpeg,data/by_disease/train/disease_3/labels/V006_79_1_03_02_03_12_2_5389e_20201113_11.jpeg.json,disease_3,3,2,1236.0,1057.0,2870.0,3017.0
train,data/by_disease/train/disease_3/images/V006_79_1_03_02_03_12_2_5389e_20201113_14.jpeg,data/by_disease/train/disease_3/labels/V006_79_1_03_02_03_12_2_5389e_20201113_14.jpeg.json,disease_3,3,2,0.0,726.0,2441.0,2417.0
train,data/by_disease/train/disease_3/images/V006_79_1_03_02_03_12_2_5389e_20201113_3.jpeg,data/by_disease/train/disease_3/labels/V006_79_1_03_02_03_12_2_5389e_20201113_3.jpeg.json,disease_3,3,2,1303.0,265.0,2870.0,2418.0
train,data/by_disease/train/disease_3/images/V006_79_1_03_02_03_12_2_5389e_20201119_22.jpeg,data/by_disease/train/disease_3/labels/V006_79_1_03_02_03_12_2_5389e_20201119_22.jpeg.json,disease_3,3,2,93.0,174.0,3011.0,2455.0
train,data/by_disease/train/disease_3/images/V006_79_1_03_02_03_12_2_9662e_20201021_13.jpeg,data/by_disease/train/disease_3/labels/V006_79_1_03_02_03_12_2_9662e_20201021_13.jpeg.json,disease_3,3,2,3.0,0.0,2660.0,2752.0
train,data/by_disease/train/disease_3/images/V006_79_1_03_02_03_12_2_9662e_20201021_4.jpeg,data/by_disease/train/disease_3/labels/V006_79_1_03_02_03_12_2_9662e_20201021_4.jpeg.json,disease_3,3,2,0.0,17.0,2447.0,2644.0
train,data/by_disease/train/disease_3/images/V006_79_1_03_02_03_12_2_9662e_20201021_5.jpeg,data/by_disease/train/disease_3/labels/V006_79_1_03_02_03_12_2_9662e_20201021_5.jpeg.json,disease_3,3,2,1064.0,0.0,4021.0,2987.0
train,data/by_disease/train/disease_3/images/V006_79_1_03_02_03_12_3_3055e_20201111_14.jpeg,data/by_disease/train/disease_3/labels/V006_79_1_03_02_03_12_3_3055e_20201111_14.jpeg.json,disease_3,3,3,702.0,168.0,4024.0,2852.0
train,data/by_disease/train/disease_3/images/V006_79_1_03_02_03_12_3_3055e_20201117_12.jpeg,data/by_disease/train/disease_3/labels/V006_79_1_03_02_03_12_3_3055e_20201117_12.jpeg.json,disease_3,3,3,890.0,193.0,4032.0,2739.0
train,data/by_disease/train/disease_3/images/V006_79_1_03_02_03_12_3_3055e_20201117_4.jpeg,data/by_disease/train/disease_3/labels/V006_79_1_03_02_03_12_3_3055e_20201117_4.jpeg.json,disease_3,3,3,740.0,523.0,3496.0,3024.0
train,data/by_disease/train/disease_3/images/V006_79_1_03_02_03_12_3_3055e_20201117_8.jpeg,data/by_disease/train/disease_3/labels/V006_79_1_03_02_03_12_3_3055e_20201117_8.jpeg.json,disease_3,3,3,1289.0,655.0,3353.0,2717.0
train,data/by_disease/train/disease_3/images/V006_79_1_03_02_03_12_3_3055e_20201118_11.jpeg,data/by_disease/train/disease_3/labels/V006_79_1_03_02_03_12_3_3055e_20201118_11.jpeg.json,disease_3,3,3,1164.0,624.0,3332.0,2708.0
train,data/by_disease/train/disease_3/images/V006_79_1_03_02_03_12_3_3055e_20201118_13.jpeg,data/by_disease/train/disease_3/labels/V006_79_1_03_02_03_12_3_3055e_20201118_13.jpeg.json,disease_3,3,3,1068.0,468.0,3184.0,2428.0
train,data/by_disease/train/disease_3/images/V006_79_1_03_02_03_12_3_3055e_20201118_5.jpeg,data/by_disease/train/disease_3/labels/V006_79_1_03_02_03_12_3_3055e_20201118_5.jpeg.json,disease_3,3,3,1155.0,697.0,3201.0,2537.0
train,data/by_disease/train/disease_3/images/V006_79_1_03_02_03_12_3_3055e_20201118_6.jpeg,data/by_disease/train/disease_3/labels/V006_79_1_03_02_03_12_3_3055e_20201118_6.jpeg.json,disease_3,3,3,926.0,504.0,3025.0,2638.0
train,data/by_disease/train/disease_3/images/V006_79_1_03_02_03_12_3_3055e_20201124_1.jpeg,data/by_disease/train/disease_3/labels/V006_79_1_03_02_03_12_3_3055e_20201124_1.jpeg.json,disease_3,3,3,637.0,0.0,3533.0,2365.0
train,data/by_disease/train/disease_3/images/V006_79_1_03_02_03_12_3_5389e_20201119_1.jpeg,data/by_disease/train/disease_3/labels/V006_79_1_03_02_03_12_3_5389e_20201119_1.jpeg.json,disease_3,3,3,758.0,650.0,3024.0,3024.0
train,data/by_disease/train/disease_3/images/V006_79_1_03_02_03_12_3_5389e_20201119_10.jpeg,data/by_disease/train/disease_3/labels/V006_79_1_03_02_03_12_3_5389e_20201119_10.jpeg.json,disease_3,3,3,0.0,43.0,3024.0,2744.0
train,data/by_disease/train/disease_3/images/V006_79_1_03_02_03_12_3_5389e_20201119_12.jpeg,data/by_disease/train/disease_3/labels/V006_79_1_03_02_03_12_3_5389e_20201119_12.jpeg.json,disease_3,3,3,0.0,323.0,3010.0,2051.0
train,data/by_disease/train/disease_3/images/V006_79_1_03_02_03_12_3_5389e_20201119_13.jpeg,data/by_disease/train/disease_3/labels/V006_79_1_03_02_03_12_3_5389e_20201119_13.jpeg.json,disease_3,3,3,639.0,455.0,2685.0,2702.0
train,data/by_disease/train/disease_3/images/V006_79_1_03_02_03_12_3_5389e_20201119_14.jpeg,data/by_disease/train/disease_3/labels/V006_79_1_03_02_03_12_3_5389e_20201119_14.jpeg.json,disease_3,3,3,199.0,115.0,2371.0,2901.0
train,data/by_disease/train/disease_3/images/V006_79_1_03_02_03_12_3_5389e_20201119_24.jpeg,data/by_disease/train/disease_3/labels/V006_79_1_03_02_03_12_3_5389e_20201119_24.jpeg.json,disease_3,3,3,270.0,0.0,3024.0,1687.0
train,data/by_disease/train/disease_3/images/V006_79_1_03_02_03_12_3_5389e_20201119_25.jpeg,data/by_disease/train/disease_3/labels/V006_79_1_03_02_03_12_3_5389e_20201119_25.jpeg.json,disease_3,3,3,292.0,353.0,2826.0,2843.0
train,data/by_disease/train/disease_3/images/V006_79_1_03_02_03_12_3_5389e_20201119_4.jpeg,data/by_disease/train/disease_3/labels/V006_79_1_03_02_03_12_3_5389e_20201119_4.jpeg.json,disease_3,3,3,998.0,95.0,3024.0,2681.0
train,data/by_disease/train/disease_3/images/V006_79_1_03_02_03_12_3_5389e_20201119_7.jpeg,data/by_disease/train/disease_3/labels/V006_79_1_03_02_03_12_3_5389e_20201119_7.jpeg.json,disease_3,3,3,5.0,21.0,3004.0,2969.0
train,data/by_disease/train/disease_3/images/V006_79_1_03_02_03_12_3_5389e_20201120_22.jpeg,data/by_disease/train/disease_3/labels/V006_79_1_03_02_03_12_3_5389e_20201120_22.jpeg.json,disease_3,3,3,760.0,74.0,3024.0,3024.0
train,data/by_disease/train/disease_3/images/V006_79_1_03_02_03_12_3_5389e_20201120_24.jpeg,data/by_disease/train/disease_3/labels/V006_79_1_03_02_03_12_3_5389e_20201120_24.jpeg.json,disease_3,3,3,0.0,460.0,2353.0,1940.0
train,data/by_disease/train/disease_3/images/V006_79_1_03_02_03_12_3_5389e_20201120_26.jpeg,data/by_disease/train/disease_3/labels/V006_79_1_03_02_03_12_3_5389e_20201120_26.jpeg.json,disease_3,3,3,828.0,0.0,2741.0,2380.0
train,data/by_disease/train/disease_3/images/V006_79_1_03_02_03_12_3_5389e_20201120_27.jpeg,data/by_disease/train/disease_3/labels/V006_79_1_03_02_03_12_3_5389e_20201120_27.jpeg.json,disease_3,3,3,450.0,1451.0,2310.0,3024.0
train,data/by_disease/train/disease_3/images/V006_79_1_03_02_03_12_3_5389e_20201127_14.jpeg,data/by_disease/train/disease_3/labels/V006_79_1_03_02_03_12_3_5389e_20201127_14.jpeg.json,disease_3,3,3,113.0,814.0,2671.0,2497.0
train,data/by_disease/train/disease_4/images/V006_79_1_04_02_03_12_1_2852e_20201027_9.jpeg,data/by_disease/train/disease_4/labels/V006_79_1_04_02_03_12_1_2852e_20201027_9.jpeg.json,disease_4,4,1,8.0,62.0,3216.0,2584.0
train,data/by_disease/train/disease_4/images/V006_79_1_04_02_03_12_1_2852e_20201102_1.jpeg,data/by_disease/train/disease_4/labels/V006_79_1_04_02_03_12_1_2852e_20201102_1.jpeg.json,disease_4,4,1,1400.0,6.0,4032.0,2744.0
train,data/by_disease/train/disease_4/images/V006_79_1_04_02_03_12_1_2852e_20201102_10.jpeg,data/by_disease/train/disease_4/labels/V006_79_1_04_02_03_12_1_2852e_20201102_10.jpeg.json,disease_4,4,1,579.0,0.0,2830.0,2347.0
train,data/by_disease/train/disease_4/images/V006_79_1_04_02_03_12_1_2852e_20201102_11.jpeg,data/by_disease/train/disease_4/labels/V006_79_1_04_02_03_12_1_2852e_20201102_11.jpeg.json,disease_4,4,1,1251.0,0.0,2771.0,2501.0
train,data/by_disease/train/disease_4/images/V006_79_1_04_02_03_12_1_2852e_20201102_12.jpeg,data/by_disease/train/disease_4/labels/V006_79_1_04_02_03_12_1_2852e_20201102_12.jpeg.json,disease_4,4,1,899.0,0.0,3097.0,1932.0
train,data/by_disease/train/disease_4/images/V006_79_1_04_02_03_12_1_2852e_20201102_13.jpeg,data/by_disease/train/disease_4/labels/V006_79_1_04_02_03_12_1_2852e_20201102_13.jpeg.json,disease_4,4,1,645.0,0.0,3297.0,2349.0
train,data/by_disease/train/disease_4/images/V006_79_1_04_02_03_12_1_2852e_20201102_14.jpeg,data/by_disease/train/disease_4/labels/V006_79_1_04_02_03_12_1_2852e_20201102_14.jpeg.json,disease_4,4,1,234.0,0.0,3573.0,1933.0
train,data/by_disease/train/disease_4/images/V006_79_1_04_02_03_12_1_2852e_20201102_15.jpeg,data/by_disease/train/disease_4/labels/V006_79_1_04_02_03_12_1_2852e_20201102_15.jpeg.json,disease_4,4,1,1008.0,0.0,4032.0,2588.0
train,data/by_disease/train/disease_4/images/V006_79_1_04_02_03_12_1_2852e_20201102_16.jpeg,data/by_disease/train/disease_4/labels/V006_79_1_04_02_03_12_1_2852e_20201102_16.jpeg.json,disease_4,4,1,4.0,0.0,2806.0,2389.0
train,data/by_disease/train/disease_4/images/V006_79_1_04_02_03_12_1_2852e_20201102_2.jpeg,data/by_disease/train/disease_4/labels/V006_79_1_04_02_03_12_1_2852e_20201102_2.jpeg.json,disease_4,4,1,1590.0,0.0,4032.0,2418.0
train,data/by_disease/train/disease_4/images/V006_79_1_04_02_03_12_1_2852e_20201102_3.jpeg,data/by_disease/train/disease_4/labels/V006_79_1_04_02_03_12_1_2852e_20201102_3.jpeg.json,disease_4,4,1,1209.0,0.0,2410.0,2881.0
train,data/by_disease/train/disease_4/images/V006_79_1_04_02_03_12_1_2852e_20201102_5.jpeg,data/by_disease/train/disease_4/labels/V006_79_1_04_02_03_12_1_2852e_20201102_5.jpeg.json,disease_4,4,1,403.0,818.0,2980.0,3024.0
train,data/by_disease/train/disease_4/images/V006_79_1_04_02_03_12_1_2852e_20201102_6.jpeg,data/by_disease/train/disease_4/labels/V006_79_1_04_02_03_12_1_2852e_20201102_6.jpeg.json,disease_4,4,1,0.0,107.0,3411.0,3024.0
train,data/by_disease/train/disease_4/images/V006_79_1_04_02_03_12_1_2852e_20201102_7.jpeg,data/by_disease/train/disease_4/labels/V006_79_1_04_02_03_12_1_2852e_20201102_7.jpeg.json,disease_4,4,1,1260.0,30.0,4032.0,2783.0
train,data/by_disease/train/disease_4/images/V006_79_1_04_02_03_12_1_2852e_20201102_8.jpeg,data/by_disease/train/disease_4/labels/V006_79_1_04_02_03_12_1_2852e_20201102_8.jpeg.json,disease_4,4,1,653.0,442.0,3707.0,2078.0
train,data/by_disease/train/disease_4/images/V006_79_1_04_02_03_12_1_2852e_20201102_9.jpeg,data/by_disease/train/disease_4/labels/V006_79_1_04_02_03_12_1_2852e_20201102_9.jpeg.json,disease_4,4,1,1141.0,0.0,4022.0,1826.0
train,data/by_disease/train/disease_4/images/V006_79_1_04_02_03_12_1_2852e_20201103_1.jpeg,data/by_disease/train/disease_4/labels/V006_79_1_04_02_03_12_1_2852e_20201103_1.jpeg.json,disease_4,4,1,1139.0,0.0,3616.0,3018.0
train,data/by_disease/train/disease_4/images/V006_79_1_04_02_03_12_1_2852e_20201103_10.jpeg,data/by_disease/train/disease_4/labels/V006_79_1_04_02_03_12_1_2852e_20201103_10.jpeg.json,disease_4,4,1,1359.0,653.0,3056.0,2975.0
train,data/by_disease/train/disease_4/images/V006_79_1_04_02_03_12_1_2852e_20201103_11.jpeg,data/by_disease/train/disease_4/labels/V006_79_1_04_02_03_12_1_2852e_20201103_11.jpeg.json,disease_4,4,1,1580.0,973.0,3727.0,2664.0
train,data/by_disease/train/disease_4/images/V006_79_1_04_02_03_12_1_2852e_20201103_12.jpeg,data/by_disease/train/disease_4/labels/V006_79_1_04_02_03_12_1_2852e_20201103_12.jpeg.json,disease_4,4,1,0.0,0.0,2656.0,1928.0
train,data/by_disease/train/disease_4/images/V006_79_1_04_02_03_12_1_2852e_20201103_13.jpeg,data/by_disease/train/disease_4/labels/V006_79_1_04_02_03_12_1_2852e_20201103_13.jpeg.json,disease_4,4,1,834.0,129.0,4032.0,2814.0
train,data/by_disease/train/disease_4/images/V006_79_1_04_02_03_12_1_2852e_20201103_15.jpeg,data/by_disease/train/disease_4/labels/V006_79_1_04_02_03_12_1_2852e_20201103_15.jpeg.json,disease_4,4,1,1120.0,1118.0,2962.0,2163.0
train,data/by_disease/train/disease_4/images/V006_79_1_04_02_03_12_1_2852e_20201103_16.jpeg,data/by_disease/train/disease_4/labels/V006_79_1_04_02_03_12_1_2852e_20201103_16.jpeg.json,disease_4,4,1,1460.0,406.0,2660.0,2233.0
train,data/by_disease/train/disease_4/images/V006_79_1_04_02_03_12_1_2852e_20201103_17.jpeg,data/by_disease/train/disease_4/labels/V006_79_1_04_02_03_12_1_2852e_20201103_17.jpeg.json,disease_4,4,1,873.0,573.0,3747.0,2594.0
train,data/by_disease/train/disease_4/images/V006_79_1_04_02_03_12_1_2852e_20201103_2.jpeg,data/by_disease/train/disease_4/labels/V006_79_1_04_02_03_12_1_2852e_20201103_2.jpeg.json,disease_4,4,1,472.0,1042.0,3602.0,2790.0
train,data/by_disease/train/disease_4/images/V006_79_1_04_02_03_12_1_2852e_20201103_4.jpeg,data/by_disease/train/disease_4/labels/V006_79_1_04_02_03_12_1_2852e_20201103_4.jpeg.json,disease_4,4,1,0.0,132.0,3557.0,3024.0
train,data/by_disease/train/disease_4/images/V006_79_1_04_02_03_12_1_2852e_20201103_5.jpeg,data/by_disease/train/disease_4/labels/V006_79_1_04_02_03_12_1_2852e_20201103_5.jpeg.json,disease_4,4,1,13.0,0.0,2849.0,2613.0
train,data/by_disease/train/disease_4/images/V006_79_1_04_02_03_12_1_2852e_20201103_7.jpeg,data/by_disease/train/disease_4/labels/V006_79_1_04_02_03_12_1_2852e_20201103_7.jpeg.json,disease_4,4,1,1400.0,0.0,3958.0,2238.0
train,data/by_disease/train/disease_4/images/V006_79_1_04_02_03_12_1_2852e_20201103_8.jpeg,data/by_disease/train/disease_4/labels/V006_79_1_04_02_03_12_1_2852e_20201103_8.jpeg.json,disease_4,4,1,1012.0,0.0,2922.0,2002.0
train,data/by_disease/train/disease_4/images/V006_79_1_04_02_03_12_1_2852e_20201103_9.jpeg,data/by_disease/train/disease_4/labels/V006_79_1_04_02_03_12_1_2852e_20201103_9.jpeg.json,disease_4,4,1,1025.0,118.0,2668.0,2995.0
train,data/by_disease/train/disease_4/images/V006_79_1_04_02_03_12_1_2852e_20201110_1.jpeg,data/by_disease/train/disease_4/labels/V006_79_1_04_02_03_12_1_2852e_20201110_1.jpeg.json,disease_4,4,1,1614.0,806.0,3209.0,1975.0
train,data/by_disease/train/disease_4/images/V006_79_1_04_02_03_12_1_2852e_20201110_12.jpeg,data/by_disease/train/disease_4/labels/V006_79_1_04_02_03_12_1_2852e_20201110_12.jpeg.json,disease_4,4,1,0.0,0.0,2547.0,2487.0
train,data/by_disease/train/disease_4/images/V006_79_1_04_02_03_12_1_3055e_20201021_11.jpg,data/by_disease/train/disease_4/labels/V006_79_1_04_02_03_12_1_3055e_20201021_11.jpg.json,disease_4,4,1,284.0,556.0,2128.0,2624.0
train,data/by_disease/train/disease_4/images/V006_79_1_04_02_03_12_1_3055e_20201026_10.jpeg,data/by_disease/train/disease_4/labels/V006_79_1_04_02_03_12_1_3055e_20201026_10.jpeg.json,disease_4,4,1,1076.0,20.0,3980.0,2208.0
train,data/by_disease/train/disease_4/images/V006_79_1_04_02_03_12_1_3055e_20201026_11.jpeg,data/by_disease/train/disease_4/labels/V006_79_1_04_02_03_12_1_3055e_20201026_11.jpeg.json,disease_4,4,1,280.0,24.0,4032.0,2924.0
train,data/by_disease/train/disease_4/images/V006_79_1_04_02_03_12_1_3055e_20201026_12.jpeg,data/by_disease/train/disease_4/labels/V006_79_1_04_02_03_12_1_3055e_20201026_12.jpeg.json,disease_4,4,1,100.0,12.0,4032.0,3024.0
train,data/by_disease/train/disease_4/images/V006_79_1_04_02_03_12_1_3055e_20201026_15.jpeg,data/by_disease/train/disease_4/labels/V006_79_1_04_02_03_12_1_3055e_20201026_15.jpeg.json,disease_4,4,1,1575.0,0.0,3961.0,2680.0
train,data/by_disease/train/disease_4/images/V006_79_1_04_02_03_12_1_3055e_20201026_4.jpeg,data/by_disease/train/disease_4/labels/V006_79_1_04_02_03_12_1_3055e_20201026_4.jpeg.json,disease_4,4,1,4.0,12.0,3228.0,3024.0
train,data/by_disease/train/disease_4/images/V006_79_1_04_02_03_12_1_3055e_20201027_10.jpeg,data/by_disease/train/disease_4/labels/V006_79_1_04_02_03_12_1_3055e_20201027_10.jpeg.json,disease_4,4,1,12.0,252.0,2652.0,3024.0
train,data/by_disease/train/disease_4/images/V006_79_1_04_02_03_12_1_3055e_20201027_11.jpeg,data/by_disease/train/disease_4/labels/V006_79_1_04_02_03_12_1_3055e_20201027_11.jpeg.json,disease_4,4,1,1010.0,0.0,3416.0,2064.0
train,data/by_disease/train/disease_4/images/V006_79_1_04_02_03_12_1_3055e_20201027_12.jpeg,data/by_disease/train/disease_4/labels/V006_79_1_04_02_03_12_1_3055e_20201027_12.jpeg.json,disease_4,4,1,868.0,356.0,3352.0,3024.0
train,data/by_disease/train/disease_4/images/V006_79_1_04_02_03_12_1_3055e_20201027_13.jpeg,data/by_disease/train/disease_4/labels/V006_79_1_04_02_03_12_1_3055e_20201027_13.jpeg.json,disease_4,4,1,0.0,501.0,2351.0,3024.0
train,data/by_disease/train/disease_4/images/V006_79_1_04_02_03_12_1_3055e_20201027_14.jpeg,data/by_disease/train/disease_4/labels/V006_79_1_04_02_03_12_1_3055e_20201027_14.jpeg.json,disease_4,4,1,255.0,0.0,3451.0,1839.0
train,data/by_disease/train/disease_4/images/V006_79_1_04_02_03_12_1_3055e_20201027_19.jpeg,data/by_disease/train/disease_4/labels/V006_79_1_04_02_03_12_1_3055e_20201027_19.jpeg.json,disease_4,4,1,848.0,44.0,4032.0,2456.0
train,data/by_disease/train/disease_4/images/V006_79_1_04_02_03_12_1_3055e_20201027_8.jpeg,data/by_disease/train/disease_4/labels/V006_79_1_04_02_03_12_1_3055e_20201027_8.jpeg.json,disease_4,4,1,796.0,1336.0,2880.0,2612.0
train,data/by_disease/train/disease_4/images/V006_79_1_04_02_03_12_1_3055e_20201028_1.jpeg,data/by_disease/train/disease_4/labels/V006_79_1_04_02_03_12_1_3055e_20201028_1.jpeg.json,disease_4,4,1,0.0,0.0,4032.0,1524.0
train,data/by_disease/train/disease_4/images/V006_79_1_04_02_03_12_1_3055e_20201028_13.jpeg,data/by_disease/train/disease_4/labels/V006_79_1_04_02_03_12_1_3055e_20201028_13.jpeg.json,disease_4,4,1,1746.0,0.0,4032.0,2164.0
train,data/by_disease/train/disease_4/images/V006_79_1_04_02_03_12_1_3055e_20201028_15.jpeg,data/by_disease/train/disease_4/labels/V006_79_1_04_02_03_12_1_3055e_20201028_15.jpeg.json,disease_4,4,1,930.0,840.0,3026.0,2284.0
train,data/by_disease/train/disease_4/images/V006_79_1_04_02_03_12_1_3055e_20201028_17.jpeg,data/by_disease/train/disease_4/labels/V006_79_1_04_02_03_12_1_3055e_20201028_17.jpeg.json,disease_4,4,1,1044.0,496.0,4032.0,2952.0
train,data/by_disease/train/disease_4/images/V006_79_1_04_02_03_12_1_3055e_20201028_2.jpeg,data/by_disease/train/disease_4/labels/V006_79_1_04_02_03_12_1_3055e_20201028_2.jpeg.json,disease_4,4,1,888.0,4.0,2504.0,1472.0
train,data/by_disease/train/disease_4/images/V006_79_1_04_02_03_12_1_3055e_20201028_6.jpeg,data/by_disease/train/disease_4/labels/V006_79_1_04_02_03_12_1_3055e_20201028_6.jpeg.json,disease_4,4,1,1240.0,646.0,2971.0,2005.0
train,data/by_disease/train/disease_4/images/V006_79_1_04_02_03_12_1_3055e_20201104_11.jpeg,data/by_disease/train/disease_4/labels/V006_79_1_04_02_03_12_1_3055e_20201104_11.jpeg.json,disease_4,4,1,740.0,0.0,4032.0,3024.0
train,data/by_disease/train/disease_4/images/V006_79_1_04_02_03_12_1_3055e_20201104_12.jpeg,data/by_disease/train/disease_4/labels/V006_79_1_04_02_03_12_1_3055e_20201104_12.jpeg.json,disease_4,4,1,1496.0,704.0,3488.0,2752.0
train,data/by_disease/train/disease_4/images/V006_79_1_04_02_03_12_1_3055e_20201104_5.jpeg,data/by_disease/train/disease_4/labels/V006_79_1_04_02_03_12_1_3055e_20201104_5.jpeg.json,disease_4,4,1,1630.0,0.0,4032.0,2500.0
train,data/by_disease/train/disease_4/images/V006_79_1_04_02_03_12_1_3055e_20201117_16.jpeg,data/by_disease/train/disease_4/labels/V006_79_1_04_02_03_12_1_3055e_20201117_16.jpeg.json,disease_4,4,1,1322.0,596.0,3502.0,2686.0
train,data/by_disease/train/disease_4/images/V006_79_1_04_02_03_12_1_3055e_20201118_16.jpeg,data/by_disease/train/disease_4/labels/V006_79_1_04_02_03_12_1_3055e_20201118_16.jpeg.json,disease_4,4,1,1228.0,88.0,2740.0,2744.0
train,data/by_disease/train/disease_4/images/V006_79_1_04_02_03_12_1_3055e_20201118_4.jpeg,data/by_disease/train/disease_4/labels/V006_79_1_04_02_03_12_1_3055e_20201118_4.jpeg.json,disease_4,4,1,1140.0,448.0,2956.0,2500.0
train,data/by_disease/train/disease_4/images/V006_79_1_04_02_03_12_1_3108e_20201023_2.jpeg,data/by_disease/train/disease_4/labels/V006_79_1_04_02_03_12_1_3108e_20201023_2.jpeg.json,disease_4,4,1,2176.0,716.0,4032.0,3024.0
train,data/by_disease/train/disease_4/images/V006_79_1_04_02_03_12_1_3108e_20201023_7.jpeg,data/by_disease/train/disease_4/labels/V006_79_1_04_02_03_12_1_3108e_20201023_7.jpeg.json,disease_4,4,1,1080.0,4.0,3668.0,3024.0
train,data/by_disease/train/disease_4/images/V006_79_1_04_02_03_12_1_3108e_20201029_2.jpeg,data/by_disease/train/disease_4/labels/V006_79_1_04_02_03_12_1_3108e_20201029_2.jpeg.json,disease_4,4,1,1476.0,340.0,3488.0,2304.0
train,data/by_disease/train/disease_4/images/V006_79_1_04_02_03_12_1_3108e_20201029_7.jpeg,data/by_disease/train/disease_4/labels/V006_79_1_04_02_03_12_1_3108e_20201029_7.jpeg.json,disease_4,4,1,428.0,308.0,2284.0,1876.0
train,data/by_disease/train/disease_4/images/V006_79_1_04_02_03_12_1_3108e_20201029_9.jpeg,data/by_disease/train/disease_4/labels/V006_79_1_04_02_03_12_1_3108e_20201029_9.jpeg.json,disease_4,4,1,1516.0,484.0,3576.0,2588.0
train,data/by_disease/train/disease_4/images/V006_79_1_04_02_03_12_1_3108e_20201030_2.jpeg,data/by_disease/train/disease_4/labels/V006_79_1_04_02_03_12_1_3108e_20201030_2.jpeg.json,disease_4,4,1,1568.0,69.0,4024.0,3024.0
train,data/by_disease/train/disease_4/images/V006_79_1_04_02_03_12_1_3108e_20201030_3.jpeg,data/by_disease/train/disease_4/labels/V006_79_1_04_02_03_12_1_3108e_20201030_3.jpeg.json,disease_4,4,1,0.0,0.0,4032.0,2873.0
train,data/by_disease/train/disease_4/images/V006_79_1_04_02_03_12_1_3108e_20201030_4.jpeg,data/by_disease/train/disease_4/labels/V006_79_1_04_02_03_12_1_3108e_20201030_4.jpeg.json,disease_4,4,1,1223.0,1132.0,3338.0,1756.0
train,data/by_disease/train/disease_4/images/V006_79_1_04_02_03_12_1_3108e_20201030_5.jpeg,data/by_disease/train/disease_4/labels/V006_79_1_04_02_03_12_1_3108e_20201030_5.jpeg.json,disease_4,4,1,2084.0,692.0,4032.0,2360.0
train,data/by_disease/train/disease_4/images/V006_79_1_04_02_03_12_1_3108e_20201030_6.jpeg,data/by_disease/train/disease_4/labels/V006_79_1_04_02_03_12_1_3108e_20201030_6.jpeg.json,disease_4,4,1,8.0,1024.0,3227.0,2256.0
train,data/by_disease/train/disease_4/images/V006_79_1_04_02_03_12_1_3108e_20201030_7.jpeg,data/by_disease/train/disease_4/labels/V006_79_1_04_02_03_12_1_3108e_20201030_7.jpeg.json,disease_4,4,1,1127.0,1124.0,2976.0,2792.0
train,data/by_disease/train/disease_4/images/V006_79_1_04_02_03_12_1_3108e_20201106_12.jpeg,data/by_disease/train/disease_4/labels/V006_79_1_04_02_03_12_1_3108e_20201106_12.jpeg.json,disease_4,4,1,244.0,16.0,3460.0,2264.0
train,data/by_disease/train/disease_4/images/V006_79_1_04_02_03_12_1_3108e_20201106_13.jpeg,data/by_disease/train/disease_4/labels/V006_79_1_04_02_03_12_1_3108e_20201106_13.jpeg.json,disease_4,4,1,1684.0,1016.0,3219.0,2648.0
train,data/by_disease/train/disease_4/images/V006_79_1_04_02_03_12_1_3108e_20201106_15.jpeg,data/by_disease/train/disease_4/labels/V006_79_1_04_02_03_12_1_3108e_20201106_15.jpeg.json,disease_4,4,1,310.0,444.0,4032.0,3024.0
train,data/by_disease/train/disease_4/images/V006_79_1_04_02_03_12_1_3108e_20201106_19.jpeg,data/by_disease/train/disease_4/labels/V006_79_1_04_02_03_12_1_3108e_20201106_19.jpeg.json,disease_4,4,1,1058.0,1140.0,2670.0,2774.0
train,data/by_disease/train/disease_4/images/V006_79_1_04_02_03_12_1_3108e_20201106_20.jpeg,data/by_disease/train/disease_4/labels/V006_79_1_04_02_03_12_1_3108e_20201106_20.jpeg.json,disease_4,4,1,1416.0,692.0,2744.0,2132.0
train,data/by_disease/train/disease_4/images/V006_79_1_04_02_03_12_1_3108e_20201112_11.jpeg,data/by_disease/train/disease_4/labels/V006_79_1_04_02_03_12_1_3108e_20201112_11.jpeg.json,disease_4,4,1,852.0,0.0,2908.0,2200.0
train,data/by_disease/train/disease_4/images/V006_79_1_04_02_03_12_1_3108e_20201112_9.jpeg,data/by_disease/train/disease_4/labels/V006_79_1_04_02_03_12_1_3108e_20201112_9.jpeg.json,disease_4,4,1,600.0,0.0,2628.0,2376.0
train,data/by_disease/train/disease_4/images/V006_79_1_04_02_03_12_1_3108e_20201113_10.jpeg,data/by_disease/train/disease_4/labels/V006_79_1_04_02_03_12_1_3108e_20201113_10.jpeg.json,disease_4,4,1,1084.0,1130.0,3096.0,2266.0
train,data/by_disease/train/disease_4/images/V006_79_1_04_02_03_12_1_3108e_20201113_11.jpeg,data/by_disease/train/disease_4/labels/V006_79_1_04_02_03_12_1_3108e_20201113_11.jpeg.json,disease_4,4,1,1748.0,738.0,4032.0,2884.0
train,data/by_disease/train/disease_4/images/V006_79_1_04_02_03_12_1_3108e_20201113_12.jpeg,data/by_disease/train/disease_4/labels/V006_79_1_04_02_03_12_1_3108e_20201113_12.jpeg.json,disease_4,4,1,1612.0,1134.0,2968.0,1930.0
train,data/by_disease/train/disease_4/images/V006_79_1_04_02_03_12_1_3108e_20201113_13.jpeg,data/by_disease/train/disease_4/labels/V006_79_1_04_02_03_12_1_3108e_20201113_13.jpeg.json,disease_4,4,1,570.0,0.0,2356.0,3024.0
train,data/by_disease/train/disease_4/images/V006_79_1_04_02_03_12_1_3108e_20201113_16.jpeg,data/by_disease/train/disease_4/labels/V006_79_1_04_02_03_12_1_3108e_20201113_16.jpeg.json,disease_4,4,1,1080.0,704.0,3132.0,2384.0
train,data/by_disease/train/disease_4/images/V006_79_1_04_02_03_12_1_3108e_20201113_3.jpeg,data/by_disease/train/disease_4/labels/V006_79_1_04_02_03_12_1_3108e_20201113_3.jpeg.json,disease_4,4,1,1132.0,952.0,2336.0,2692.0
train,data/by_disease/train/disease_4/images/V006_79_1_04_02_03_12_1_3108e_20201113_4.jpeg,data/by_disease/train/disease_4/labels/V006_79_1_04_02_03_12_1_3108e_20201113_4.jpeg.json,disease_4,4,1,1300.0,860.0,3576.0,2188.0
train,data/by_disease/train/disease_4/images/V006_79_1_04_02_03_12_1_3108e_20201113_6.jpeg,data/by_disease/train/disease_4/labels/V006_79_1_04_02_03_12_1_3108e_20201113_6.jpeg.json,disease_4,4,1,1060.0,974.0,1916.0,2210.0
train,data/by_disease/train/disease_4/images/V006_79_1_04_02_03_12_1_3108e_20201113_9.jpeg,data/by_disease/train/disease_4/labels/V006_79_1_04_02_03_12_1_3108e_20201113_9.jpeg.json,disease_4,4,1,1056.0,274.0,3960.0,2526.0
train,data/by_disease/train/disease_4/images/V006_79_1_04_02_03_12_1_3108e_20201120_11.jpeg,data/by_disease/train/disease_4/labels/V006_79_1_04_02_03_12_1_3108e_20201120_11.jpeg.json,disease_4,4,1,1032.0,0.0,4032.0,3012.0
train,data/by_disease/train/disease_4/images/V006_79_1_04_02_03_12_1_3108e_20201126_11.jpeg,data/by_disease/train/disease_4/labels/V006_79_1_04_02_03_12_1_3108e_20201126_11.jpeg.json,disease_4,4,1,1027.0,4.0,3231.0,2418.0
train,data/by_disease/train/disease_4/images/V006_79_1_04_02_03_12_1_3108e_20201126_13.jpeg,data/by_disease/train/disease_4/labels/V006_79_1_04_02_03_12_1_3108e_20201126_13.jpeg.json,disease_4,4,1,1239.0,28.0,4007.0,2440.0
train,data/by_disease/train/disease_4/images/V006_79_1_04_02_03_12_1_3108e_20201126_15.jpeg,data/by_disease/train/disease_4/labels/V006_79_1_04_02_03_12_1_3108e_20201126_15.jpeg.json,disease_4,4,1,1259.0,816.0,2710.0,2350.0
train,data/by_disease/train/disease_4/images/V006_79_1_04_02_03_12_1_3108e_20201126_17.jpeg,data/by_disease/train/disease_4/labels/V006_79_1_04_02_03_12_1_3108e_20201126_17.jpeg.json,disease_4,4,1,1111.0,898.0,3207.0,2388.0
train,data/by_disease/train/disease_4/images/V006_79_1_04_02_03_12_1_3108e_20201126_18.jpeg,data/by_disease/train/disease_4/labels/V006_79_1_04_02_03_12_1_3108e_20201126_18.jpeg.json,disease_4,4,1,987.0,418.0,2619.0,2232.0
train,data/by_disease/train/disease_4/images/V006_79_1_04_02_03_12_1_3108e_20201126_4.jpeg,data/by_disease/train/disease_4/labels/V006_79_1_04_02_03_12_1_3108e_20201126_4.jpeg.json,disease_4,4,1,2293.0,454.0,3477.0,2064.0
train,data/by_disease/train/disease_4/images/V006_79_1_04_02_03_12_1_3108e_20201127_13.jpeg,data/by_disease/train/disease_4/labels/V006_79_1_04_02_03_12_1_3108e_20201127_13.jpeg.json,disease_4,4,1,0.0,4.0,3145.0,2112.0
train,data/by_disease/train/disease_4/images/V006_79_1_04_02_03_12_1_3108e_20201127_14.jpeg,data/by_disease/train/disease_4/labels/V006_79_1_04_02_03_12_1_3108e_20201127_14.jpeg.json,disease_4,4,1,1365.0,256.0,3049.0,2268.0
train,data/by_disease/train/disease_4/images/V006_79_1_04_02_03_12_1_3108e_20201127_20.jpeg,data/by_disease/train/disease_4/labels/V006_79_1_04_02_03_12_1_3108e_20201127_20.jpeg.json,disease_4,4,1,737.0,612.0,3845.0,3024.0
train,data/by_disease/train/disease_4/images/V006_79_1_04_02_03_12_1_3108e_20201127_21.jpeg,data/by_disease/train/disease_4/labels/V006_79_1_04_02_03_12_1_3108e_20201127_21.jpeg.json,disease_4,4,1,949.0,616.0,2625.0,2576.0
train,data/by_disease/train/disease_4/images/V006_79_1_04_02_03_12_1_3108e_20201127_22.jpeg,data/by_disease/train/disease_4/labels/V006_79_1_04_02_03_12_1_3108e_20201127_22.jpeg.json,disease_4,4,1,1277.0,876.0,3221.0,2044.0
train,data/by_disease/train/disease_4/images/V006_79_1_04_02_03_12_1_3108e_20201127_25.jpeg,data/by_disease/train/disease_4/labels/V006_79_1_04_02_03_12_1_3108e_20201127_25.jpeg.json,disease_4,4,1,769.0,904.0,3065.0,2396.0
train,data/by_disease/train/disease_4/images/V006_79_1_04_02_03_12_1_3108e_20201127_26.jpeg,data/by_disease/train/disease_4/labels/V006_79_1_04_02_03_12_1_3108e_20201127_26.jpeg.json,disease_4,4,1,646.0,772.0,3002.0,2512.0
train,data/by_disease/train/disease_4/images/V006_79_1_04_02_03_12_1_3108e_20201127_27.jpeg,data/by_disease/train/disease_4/labels/V006_79_1_04_02_03_12_1_3108e_20201127_27.jpeg.json,disease_4,4,1,130.0,956.0,2874.0,2516.0
train,data/by_disease/train/disease_4/images/V006_79_1_04_02_03_12_1_3108e_20201127_28.jpeg,data/by_disease/train/disease_4/labels/V006_79_1_04_02_03_12_1_3108e_20201127_28.jpeg.json,disease_4,4,1,746.0,252.0,2714.0,3020.0
train,data/by_disease/train/disease_4/images/V006_79_1_04_02_03_12_1_5389e_20201021_10.jpg,data/by_disease/train/disease_4/labels/V006_79_1_04_02_03_12_1_5389e_20201021_10.jpg.json,disease_4,4,1,1128.0,325.0,3279.0,1960.0
train,data/by_disease/train/disease_4/images/V006_79_1_04_02_03_12_1_5389e_20201021_13.jpg,data/by_disease/train/disease_4/labels/V006_79_1_04_02_03_12_1_5389e_20201021_13.jpg.json,disease_4,4,1,828.0,0.0,3824.0,1720.0
train,data/by_disease/train/disease_4/images/V006_79_1_04_02_03_12_1_5389e_20201021_14.jpg,data/by_disease/train/disease_4/labels/V006_79_1_04_02_03_12_1_5389e_20201021_14.jpg.json,disease_4,4,1,0.0,0.0,3856.0,1960.0
train,data/by_disease/train/disease_4/images/V006_79_1_04_02_03_12_1_5389e_20201021_15.jpg,data/by_disease/train/disease_4/labels/V006_79_1_04_02_03_12_1_5389e_20201021_15.jpg.json,disease_4,4,1,0.0,5.0,2381.0,1325.0
train,data/by_disease/train/disease_4/images/V006_79_1_04_02_03_12_1_5389e_20201021_16.jpg,data/by_disease/train/disease_4/labels/V006_79_1_04_02_03_12_1_5389e_20201021_16.jpg.json,disease_4,4,1,138.0,655.0,2079.0,1955.0
train,data/by_disease/train/disease_4/images/V006_79_1_04_02_03_12_1_5389e_20201021_18.jpg,data/by_disease/train/disease_4/labels/V006_79_1_04_02_03_12_1_5389e_20201021_18.jpg.json,disease_4,4,1,1433.0,0.0,2954.0,1505.0
train,data/by_disease/train/disease_4/images/V006_79_1_04_02_03_12_1_5389e_20201021_19.jpg,data/by_disease/train/disease_4/labels/V006_79_1_04_02_03_12_1_5389e_20201021_19.jpg.json,disease_4,4,1,0.0,0.0,3176.0,1750.0
train,data/by_disease/train/disease_4/images/V006_79_1_04_02_03_12_1_5389e_20201021_20.jpg,data/by_disease/train/disease_4/labels/V006_79_1_04_02_03_12_1_5389e_20201021_20.jpg.json,disease_4,4,1,1293.0,0.0,2459.0,1955.0
train,data/by_disease/train/disease_4/images/V006_79_1_04_02_03_12_1_5389e_20201021_8.jpg,data/by_disease/train/disease_4/labels/V006_79_1_04_02_03_12_1_5389e_20201021_8.jpg.json,disease_4,4,1,1258.0,120.0,3239.0,1960.0
train,data/by_disease/train/disease_4/images/V006_79_1_04_02_03_12_1_5389e_20201022_1.jpeg,data/by_disease/train/disease_4/labels/V006_79_1_04_02_03_12_1_5389e_20201022_1.jpeg.json,disease_4,4,1,1187.0,684.0,2507.0,2268.0
train,data/by_disease/train/disease_4/images/V006_79_1_04_02_03_12_1_5389e_20201022_10.jpeg,data/by_disease/train/disease_4/labels/V006_79_1_04_02_03_12_1_5389e_20201022_10.jpeg.json,disease_4,4,1,0.0,0.0,2793.0,2063.0
train,data/by_disease/train/disease_4/images/V006_79_1_04_02_03_12_1_5389e_20201022_14.jpeg,data/by_disease/train/disease_4/labels/V006_79_1_04_02_03_12_1_5389e_20201022_14.jpeg.json,disease_4,4,1,847.0,737.0,2474.0,2321.0
train,data/by_disease/train/disease_4/images/V006_79_1_04_02_03_12_1_5389e_20201022_16.jpeg,data/by_disease/train/disease_4/labels/V006_79_1_04_02_03_12_1_5389e_20201022_16.jpeg.json,disease_4,4,1,1126.0,1144.0,2326.0,1775.0
train,data/by_disease/train/disease_4/images/V006_79_1_04_02_03_12_1_5389e_20201022_3.jpeg,data/by_disease/train/disease_4/labels/V006_79_1_04_02_03_12_1_5389e_20201022_3.jpeg.json,disease_4,4,1,27.0,1143.0,2443.0,2651.0
train,data/by_disease/train/disease_4/images/V006_79_1_04_02_03_12_1_5389e_20201022_4.jpeg,data/by_disease/train/disease_4/labels/V006_79_1_04_02_03_12_1_5389e_20201022_4.jpeg.json,disease_4,4,1,228.0,869.0,1758.0,2230.0
train,data/by_disease/train/disease_4/images/V006_79_1_04_02_03_12_1_5389e_20201022_5.jpeg,data/by_disease/train/disease_4/labels/V006_79_1_04_02_03_12_1_5389e_20201022_5.jpeg.json,disease_4,4,1,807.0,582.0,2251.0,2443.0
train,data/by_disease/train/disease_4/images/V006_79_1_04_02_03_12_1_5389e_20201022_6.jpeg,data/by_disease/train/disease_4/labels/V006_79_1_04_02_03_12_1_5389e_20201022_6.jpeg.json,disease_4,4,1,594.0,349.0,1744.0,2103.0
train,data/by_disease/train/disease_4/images/V006_79_1_04_02_03_12_1_5389e_20201022_7.jpeg,data/by_disease/train/disease_4/labels/V006_79_1_04_02_03_12_1_5389e_20201022_7.jpeg.json,disease_4,4,1,674.0,1209.0,2711.0,3024.0
train,data/by_disease/train/disease_4/images/V006_79_1_04_02_03_12_1_5389e_20201022_8.jpeg,data/by_disease/train/disease_4/labels/V006_79_1_04_02_03_12_1_5389e_20201022_8.jpeg.json,disease_4,4,1,835.0,269.0,3024.0,1756.0
train,data/by_disease/train/disease_4/images/V006_79_1_04_02_03_12_1_5389e_20201022_9.jpeg,data/by_disease/train/disease_4/labels/V006_79_1_04_02_03_12_1_5389e_20201022_9.jpeg.json,disease_4,4,1,1.0,856.0,3024.0,2977.0
train,data/by_disease/train/disease_4/images/V006_79_1_04_02_03_12_1_5389e_20201023_1.jpeg,data/by_disease/train/disease_4/labels/V006_79_1_04_02_03_12_1_5389e_20201023_1.jpeg.json,disease_4,4,1,421.0,649.0,3024.0,3024.0
train,data/by_disease/train/disease_4/images/V006_79_1_04_02_03_12_1_5389e_20201023_10.jpeg,data/by_disease/train/disease_4/labels/V006_79_1_04_02_03_12_1_5389e_20201023_10.jpeg.json,disease_4,4,1,869.0,0.0,3024.0,1661.0
train,data/by_disease/train/disease_4/images/V006_79_1_04_02_03_12_1_5389e_20201023_12.jpeg,data/by_disease/train/disease_4/labels/V006_79_1_04_02_03_12_1_5389e_20201023_12.jpeg.json,disease_4,4,1,839.0,0.0,2178.0,2557.0
train,data/by_disease/train/disease_4/images/V006_79_1_04_02_03_12_1_5389e_20201023_2.jpeg,data/by_disease/train/disease_4/labels/V006_79_1_04_02_03_12_1_5389e_20201023_2.jpeg.json,disease_4,4,1,0.0,0.0,2099.0,2197.0
train,data/by_disease/train/disease_4/images/V006_79_1_04_02_03_12_1_5389e_20201105_14.jpeg,data/by_disease/train/disease_4/labels/V006_79_1_04_02_03_12_1_5389e_20201105_14.jpeg.json,disease_4,4,1,26.0,0.0,2626.0,2827.0
train,data/by_disease/train/disease_4/images/V006_79_1_04_02_03_12_1_5389e_20201105_15.jpeg,data/by_disease/train/disease_4/labels/V006_79_1_04_02_03_12_1_5389e_20201105_15.jpeg.json,disease_4,4,1,0.0,867.0,2726.0,2807.0
train,data/by_disease/train/disease_4/images/V006_79_1_04_02_03_12_1_5389e_20201105_17.jpeg,data/by_disease/train/disease_4/labels/V006_79_1_04_02_03_12_1_5389e_20201105_17.jpeg.json,disease_4,4,1,0.0,0.0,3017.0,2610.0
train,data/by_disease/train/disease_4/images/V006_79_1_04_02_03_12_1_5389e_20201105_19.jpeg,data/by_disease/train/disease_4/labels/V006_79_1_04_02_03_12_1_5389e_20201105_19.jpeg.json,disease_4,4,1,486.0,107.0,2545.0,3024.0
train,data/by_disease/train/disease_4/images/V006_79_1_04_02_03_12_1_5389e_20201105_20.jpeg,data/by_disease/train/disease_4/labels/V006_79_1_04_02_03_12_1_5389e_20201105_20.jpeg.json,disease_4,4,1,753.0,1299.0,3024.0,2740.0
train,data/by_disease/train/disease_4/images/V006_79_1_04_02_03_12_1_5389e_20201105_3.jpeg,data/by_disease/train/disease_4/labels/V006_79_1_04_02_03_12_1_5389e_20201105_3.jpeg.json,disease_4,4,1,0.0,0.0,3024.0,3024.0
train,data/by_disease/train/disease_4/images/V006_79_1_04_02_03_12_1_5389e_20201105_4.jpeg,data/by_disease/train/disease_4/labels/V006_79_1_04_02_03_12_1_5389e_20201105_4.jpeg.json,disease_4,4,1,453.0,0.0,2599.0,2660.0
train,data/by_disease/train/disease_4/images/V006_79_1_04_02_03_12_1_5389e_20201105_6.jpeg,data/by_disease/train/disease_4/labels/V006_79_1_04_02_03_12_1_5389e_20201105_6.jpeg.json,disease_4,4,1,606.0,0.0,2752.0,2660.0
train,data/by_disease/train/disease_4/images/V006_79_1_04_02_03_12_1_5389e_20201105_7.jpeg,data/by_disease/train/disease_4/labels/V006_79_1_04_02_03_12_1_5389e_20201105_7.jpeg.json,disease_4,4,1,706.0,0.0,2992.0,2380.0
train,data/by_disease/train/disease_4/images/V006_79_1_04_02_03_12_1_5389e_20201106_1.jpeg,data/by_disease/train/disease_4/labels/V006_79_1_04_02_03_12_1_5389e_20201106_1.jpeg.json,disease_4,4,1,0.0,364.0,3024.0,3024.0
train,data/by_disease/train/disease_4/images/V006_79_1_04_02_03_12_1_5389e_20201106_12.jpeg,data/by_disease/train/disease_4/labels/V006_79_1_04_02_03_12_1_5389e_20201106_12.jpeg.json,disease_4,4,1,93.0,0.0,3024.0,3024.0
train,data/by_disease/train/disease_4/images/V006_79_1_04_02_03_12_1_5389e_20201106_15.jpeg,data/by_disease/train/disease_4/labels/V006_79_1_04_02_03_12_1_5389e_20201106_15.jpeg.json,disease_4,4,1,93.0,587.0,3013.0,2300.0
train,data/by_disease/train/disease_4/images/V006_79_1_04_02_03_12_1_5389e_20201106_17.jpeg,data/by_disease/train/disease_4/labels/V006_79_1_04_02_03_12_1_5389e_20201106_17.jpeg.json,disease_4,4,1,0.0,0.0,2386.0,2327.0
train,data/by_disease/train/disease_4/images/V006_79_1_04_02_03_12_1_5389e_20201106_19.jpeg,data/by_disease/train/disease_4/labels/V006_79_1_04_02_03_12_1_5389e_20201106_19.jpeg.json,disease_4,4,1,1505.0,1597.0,3024.0,3024.0
train,data/by_disease/train/disease_4/images/V006_79_1_04_02_03_12_1_5389e_20201106_3.jpeg,data/by_disease/train/disease_4/labels/V006_79_1_04_02_03_12_1_5389e_20201106_3.jpeg.json,disease_4,4,1,0.0,0.0,3024.0,2992.0
train,data/by_disease/train/disease_4/images/V006_79_1_04_02_03_12_1_5389e_20201106_5.jpeg,data/by_disease/train/disease_4/labels/V006_79_1_04_02_03_12_1_5389e_20201106_5.jpeg.json,disease_4,4,1,226.0,291.0,1876.0,2983.0
train,data/by_disease/train/disease_4/images/V006_79_1_04_02_03_12_1_9662e_20201021_10.jpeg,data/by_disease/train/disease_4/labels/V006_79_1_04_02_03_12_1_9662e_20201021_10.jpeg.json,disease_4,4,1,1001.0,556.0,3162.0,3024.0
train,data/by_disease/train/disease_4/images/V006_79_1_04_02_03_12_1_9662e_20201021_13.jpeg,data/by_disease/train/disease_4/labels/V006_79_1_04_02_03_12_1_9662e_20201021_13.jpeg.json,disease_4,4,1,1517.0,416.0,2797.0,3019.0
train,data/by_disease/train/disease_4/images/V006_79_1_04_02_03_12_1_9662e_20201021_3.jpeg,data/by_disease/train/disease_4/labels/V006_79_1_04_02_03_12_1_9662e_20201021_3.jpeg.json,disease_4,4,1,0.0,0.0,1635.0,3003.0
train,data/by_disease/train/disease_4/images/V006_79_1_04_02_03_12_1_9662e_20201021_4.jpeg,data/by_disease/train/disease_4/labels/V006_79_1_04_02_03_12_1_9662e_20201021_4.jpeg.json,disease_4,4,1,0.0,0.0,3532.0,3013.0
train,data/by_disease/train/disease_4/images/V006_79_1_04_02_03_12_1_9662e_20201021_5.jpeg,data/by_disease/train/disease_4/labels/V006_79_1_04_02_03_12_1_9662e_20201021_5.jpeg.json,disease_4,4,1,380.0,56.0,3392.0,2218.0
train,data/by_disease/train/disease_4/images/V006_79_1_04_02_03_12_1_9662e_20201021_7.jpeg,data/by_disease/train/disease_4/labels/V006_79_1_04_02_03_12_1_9662e_20201021_7.jpeg.json,disease_4,4,1,2022.0,1127.0,4032.0,3024.0
train,data/by_disease/train/disease_4/images/V006_79_1_04_02_03_12_1_9662e_20201021_8.jpeg,data/by_disease/train/disease_4/labels/V006_79_1_04_02_03_12_1_9662e_20201021_8.jpeg.json,disease_4,4,1,976.0,11.0,4018.0,3003.0
train,data/by_disease/train/disease_4/images/V006_79_1_04_02_03_12_1_9662e_20201102_11.jpeg,data/by_disease/train/disease_4/labels/V006_79_1_04_02_03_12_1_9662e_20201102_11.jpeg.json,disease_4,4,1,1546.0,697.0,4022.0,2634.0
train,data/by_disease/train/disease_4/images/V006_79_1_04_02_03_12_1_9662e_20201102_12.jpeg,data/by_disease/train/disease_4/labels/V006_79_1_04_02_03_12_1_9662e_20201102_12.jpeg.json,disease_4,4,1,11.0,0.0,2907.0,2774.0
train,data/by_disease/train/disease_4/images/V006_79_1_04_02_03_12_1_9662e_20201102_14.jpeg,data/by_disease/train/disease_4/labels/V006_79_1_04_02_03_12_1_9662e_20201102_14.jpeg.json,disease_4,4,1,1037.0,0.0,3713.0,2333.0
train,data/by_disease/train/disease_4/images/V006_79_1_04_02_03_12_1_9662e_20201102_2.jpeg,data/by_disease/train/disease_4/labels/V006_79_1_04_02_03_12_1_9662e_20201102_2.jpeg.json,disease_4,4,1,0.0,191.0,4032.0,2808.0
train,data/by_disease/train/disease_4/images/V006_79_1_04_02_03_12_1_9662e_20201102_3.jpeg,data/by_disease/train/disease_4/labels/V006_79_1_04_02_03_12_1_9662e_20201102_3.jpeg.json,disease_4,4,1,741.0,0.0,3238.0,3024.0
train,data/by_disease/train/disease_4/images/V006_79_1_04_02_03_12_1_9662e_20201102_4.jpeg,data/by_disease/train/disease_4/labels/V006_79_1_04_02_03_12_1_9662e_20201102_4.jpeg.json,disease_4,4,1,1.0,1.0,3768.0,3024.0
train,data/by_disease/train/disease_4/images/V006_79_1_04_02_03_12_1_9662e_20201102_6.jpeg,data/by_disease/train/disease_4/labels/V006_79_1_04_02_03_12_1_9662e_20201102_6.jpeg.json,disease_4,4,1,286.0,0.0,3593.0,3018.0
train,data/by_disease/train/disease_4/images/V006_79_1_04_02_03_12_1_9662e_20201102_8.jpeg,data/by_disease/train/disease_4/labels/V006_79_1_04_02_03_12_1_9662e_20201102_8.jpeg.json,disease_4,4,1,5.0,216.0,4032.0,2768.0
train,data/by_disease/train/disease_4/images/V006_79_1_04_02_03_12_1_9662e_20201102_9.jpeg,data/by_disease/train/disease_4/labels/V006_79_1_04_02_03_12_1_9662e_20201102_9.jpeg.json,disease_4,4,1,406.0,0.0,2652.0,2258.0
train,data/by_disease/train/disease_4/images/V006_79_1_04_02_03_12_1_9662e_20201104_12.jpeg,data/by_disease/train/disease_4/labels/V006_79_1_04_02_03_12_1_9662e_20201104_12.jpeg.json,disease_4,4,1,0.0,1012.0,2496.0,3024.0
train,data/by_disease/train/disease_4/images/V006_79_1_04_02_03_12_1_9662e_20201104_13.jpeg,data/by_disease/train/disease_4/labels/V006_79_1_04_02_03_12_1_9662e_20201104_13.jpeg.json,disease_4,4,1,1681.0,706.0,3172.0,2103.0
train,data/by_disease/train/disease_4/images/V006_79_1_04_02_03_12_1_9662e_20201104_14.jpeg,data/by_disease/train/disease_4/labels/V006_79_1_04_02_03_12_1_9662e_20201104_14.jpeg.json,disease_4,4,1,846.0,1432.0,2822.0,3018.0
train,data/by_disease/train/disease_4/images/V006_79_1_04_02_03_12_1_9662e_20201104_15.jpeg,data/by_disease/train/disease_4/labels/V006_79_1_04_02_03_12_1_9662e_20201104_15.jpeg.json,disease_4,4,1,0.0,0.0,4023.0,3018.0
train,data/by_disease/train/disease_4/images/V006_79_1_04_02_03_12_1_9662e_20201104_7.jpeg,data/by_disease/train/disease_4/labels/V006_79_1_04_02_03_12_1_9662e_20201104_7.jpeg.json,disease_4,4,1,0.0,962.0,974.0,1643.0
train,data/by_disease/train/disease_4/images/V006_79_1_04_02_03_12_1_9662e_20201110_1.jpeg,data/by_disease/train/disease_4/labels/V006_79_1_04_02_03_12_1_9662e_20201110_1.jpeg.json,disease_4,4,1,1056.0,1078.0,2171.0,1823.0
train,data/by_disease/train/disease_4/images/V006_79_1_04_02_03_12_1_9662e_20201110_10.jpeg,data/by_disease/train/disease_4/labels/V006_79_1_04_02_03_12_1_9662e_20201110_10.jpeg.json,disease_4,4,1,300.0,756.0,3192.0,2283.0
train,data/by_disease/train/disease_4/images/V006_79_1_04_02_03_12_1_9662e_20201110_13.jpeg,data/by_disease/train/disease_4/labels/V006_79_1_04_02_03_12_1_9662e_20201110_13.jpeg.json,disease_4,4,1,1721.0,0.0,4032.0,1646.0
train,data/by_disease/train/disease_4/images/V006_79_1_04_02_03_12_1_9662e_20201110_15.jpeg,data/by_disease/train/disease_4/labels/V006_79_1_04_02_03_12_1_9662e_20201110_15.jpeg.json,disease_4,4,1,2088.0,1153.0,3698.0,2424.0
train,data/by_disease/train/disease_4/images/V006_79_1_04_02_03_12_1_9662e_20201110_2.jpeg,data/by_disease/train/disease_4/labels/V006_79_1_04_02_03_12_1_9662e_20201110_2.jpeg.json,disease_4,4,1,0.0,592.0,2126.0,1868.0
train,data/by_disease/train/disease_4/images/V006_79_1_04_02_03_12_1_9662e_20201110_6.jpeg,data/by_disease/train/disease_4/labels/V006_79_1_04_02_03_12_1_9662e_20201110_6.jpeg.json,disease_4,4,1,1087.0,922.0,3102.0,1608.0
train,data/by_disease/train/disease_4/images/V006_79_1_04_02_03_12_1_9662e_20201110_8.jpeg,data/by_disease/train/disease_4/labels/V006_79_1_04_02_03_12_1_9662e_20201110_8.jpeg.json,disease_4,4,1,0.0,957.0,3492.0,2759.0
train,data/by_disease/train/disease_4/images/V006_79_1_04_02_03_12_1_9662e_20201116_1.jpeg,data/by_disease/train/disease_4/labels/V006_79_1_04_02_03_12_1_9662e_20201116_1.jpeg.json,disease_4,4,1,1742.0,662.0,2607.0,2944.0
train,data/by_disease/train/disease_4/images/V006_79_1_04_02_03_12_1_9662e_20201116_10.jpeg,data/by_disease/train/disease_4/labels/V006_79_1_04_02_03_12_1_9662e_20201116_10.jpeg.json,disease_4,4,1,0.0,0.0,4012.0,2597.0
train,data/by_disease/train/disease_4/images/V006_79_1_04_02_03_12_1_9662e_20201116_11.jpeg,data/by_disease/train/disease_4/labels/V006_79_1_04_02_03_12_1_9662e_20201116_11.jpeg.json,disease_4,4,1,1641.0,1133.0,2211.0,2099.0
train,data/by_disease/train/disease_4/images/V006_79_1_04_02_03_12_1_9662e_20201116_14.jpeg,data/by_disease/train/disease_4/labels/V006_79_1_04_02_03_12_1_9662e_20201116_14.jpeg.json,disease_4,4,1,2028.0,981.0,3668.0,2993.0
train,data/by_disease/train/disease_4/images/V006_79_1_04_02_03_12_1_9662e_20201116_2.jpeg,data/by_disease/train/disease_4/labels/V006_79_1_04_02_03_12_1_9662e_20201116_2.jpeg.json,disease_4,4,1,1802.0,651.0,2546.0,2863.0
train,data/by_disease/train/disease_4/images/V006_79_1_04_02_03_12_1_9662e_20201116_3.jpeg,data/by_disease/train/disease_4/labels/V006_79_1_04_02_03_12_1_9662e_20201116_3.jpeg.json,disease_4,4,1,741.0,1092.0,3783.0,3024.0
train,data/by_disease/train/disease_4/images/V006_79_1_04_02_03_12_1_9662e_20201116_5.jpeg,data/by_disease/train/disease_4/labels/V006_79_1_04_02_03_12_1_9662e_20201116_5.jpeg.json,disease_4,4,1,330.0,0.0,2461.0,2367.0
train,data/by_disease/train/disease_4/images/V006_79_1_04_02_03_12_1_9662e_20201116_6.jpeg,data/by_disease/train/disease_4/labels/V006_79_1_04_02_03_12_1_9662e_20201116_6.jpeg.json,disease_4,4,1,1941.0,212.0,4032.0,2379.0
train,data/by_disease/train/disease_4/images/V006_79_1_04_02_03_12_1_9662e_20201116_7.jpeg,data/by_disease/train/disease_4/labels/V006_79_1_04_02_03_12_1_9662e_20201116_7.jpeg.json,disease_4,4,1,1277.0,1006.0,3463.0,3024.0
train,data/by_disease/train/disease_4/images/V006_79_1_04_02_03_12_1_9662e_20201116_9.jpeg,data/by_disease/train/disease_4/labels/V006_79_1_04_02_03_12_1_9662e_20201116_9.jpeg.json,disease_4,4,1,0.0,0.0,3202.0,2392.0
train,data/by_disease/train/disease_4/images/V006_79_1_04_02_03_12_1_9662e_20201124_1.jpeg,data/by_disease/train/disease_4/labels/V006_79_1_04_02_03_12_1_9662e_20201124_1.jpeg.json,disease_4,4,1,0.0,0.0,4032.0,1987.0
train,data/by_disease/train/disease_4/images/V006_79_1_04_02_03_12_1_9662e_20201124_11.jpeg,data/by_disease/train/disease_4/labels/V006_79_1_04_02_03_12_1_9662e_20201124_11.jpeg.json,disease_4,4,1,1722.0,0.0,2407.0,2702.0
train,data/by_disease/train/disease_4/images/V006_79_1_04_02_03_12_2_3055e_20201014_1.jpg,data/by_disease/train/disease_4/labels/V006_79_1_04_02_03_12_2_3055e_20201014_1.jpg.json,disease_4,4,2,740.0,786.0,3031.0,2670.0
train,data/by_disease/train/disease_4/images/V006_79_1_04_02_03_12_2_3055e_20201014_5.jpg,data/by_disease/train/disease_4/labels/V006_79_1_04_02_03_12_2_3055e_20201014_5.jpg.json,disease_4,4,2,1230.0,0.0,3146.0,1869.0
train,data/by_disease/train/disease_4/images/V006_79_1_04_02_03_12_2_3055e_20201014_6.jpg,data/by_disease/train/disease_4/labels/V006_79_1_04_02_03_12_2_3055e_20201014_6.jpg.json,disease_4,4,2,1045.0,741.0,2261.0,2165.0
train,data/by_disease/train/disease_4/images/V006_79_1_04_02_03_12_2_3055e_20201021_2.jpg,data/by_disease/train/disease_4/labels/V006_79_1_04_02_03_12_2_3055e_20201021_2.jpg.json,disease_4,4,2,598.0,340.0,2374.0,2684.0
train,data/by_disease/train/disease_4/images/V006_79_1_04_02_03_12_2_3055e_20201021_4.jpg,data/by_disease/train/disease_4/labels/V006_79_1_04_02_03_12_2_3055e_20201021_4.jpg.json,disease_4,4,2,0.0,896.0,1826.0,2215.0
train,data/by_disease/train/disease_4/images/V006_79_1_04_02_03_12_2_3055e_20201021_5.jpg,data/by_disease/train/disease_4/labels/V006_79_1_04_02_03_12_2_3055e_20201021_5.jpg.json,disease_4,4,2,684.0,696.0,3020.0,2928.0
train,data/by_disease/train/disease_4/images/V006_79_1_04_02_03_12_2_3055e_20201021_6.jpg,data/by_disease/train/disease_4/labels/V006_79_1_04_02_03_12_2_3055e_20201021_6.jpg.json,disease_4,4,2,10.0,171.0,1886.0,2725.0
train,data/by_disease/train/disease_4/images/V006_79_1_04_02_03_12_2_3055e_20201021_7.jpg,data/by_disease/train/disease_4/labels/V006_79_1_04_02_03_12_2_3055e_20201021_7.jpg.json,disease_4,4,2,188.0,624.0,1944.0,3024
train,data/by_disease/train/disease_4/images/V006_79_1_04_02_03_12_2_3055e_20201021_8.jpg,data/by_disease/train/disease_4/labels/V006_79_1_04_02_03_12_2_3055e_20201021_8.jpg.json,disease_4,4,2,864.0,172.0,2444.0,1856.0
train,data/by_disease/train/disease_4/images/V006_79_1_04_02_03_12_2_3055e_20201026_1.jpeg,data/by_disease/train/disease_4/labels/V006_79_1_04_02_03_12_2_3055e_20201026_1.jpeg.json,disease_4,4,2,16.0,12.0,3108.0,3024.0
train,data/by_disease/train/disease_4/images/V006_79_1_04_02_03_12_2_3055e_20201026_16.jpeg,data/by_disease/train/disease_4/labels/V006_79_1_04_02_03_12_2_3055e_20201026_16.jpeg.json,disease_4,4,2,1124.0,16.0,4032.0,3024.0
train,data/by_disease/train/disease_4/images/V006_79_1_04_02_03_12_2_3055e_20201026_3.jpeg,data/by_disease/train/disease_4/labels/V006_79_1_04_02_03_12_2_3055e_20201026_3.jpeg.json,disease_4,4,2,1068.0,12.0,4032.0,3024.0
train,data/by_disease/train/disease_4/images/V006_79_1_04_02_03_12_2_3055e_20201026_5.jpeg,data/by_disease/train/disease_4/labels/V006_79_1_04_02_03_12_2_3055e_20201026_5.jpeg.json,disease_4,4,2,0.0,441.0,3251.0,2479.0
train,data/by_disease/train/disease_4/images/V006_79_1_04_02_03_12_2_3055e_20201026_6.jpeg,data/by_disease/train/disease_4/labels/V006_79_1_04_02_03_12_2_3055e_20201026_6.jpeg.json,disease_4,4,2,755.0,361.0,3021.0,3024.0
train,data/by_disease/train/disease_4/images/V006_79_1_04_02_03_12_2_3055e_20201027_1.jpeg,data/by_disease/train/disease_4/labels/V006_79_1_04_02_03_12_2_3055e_20201027_1.jpeg.json,disease_4,4,2,0.0,8.0,2856.0,2736.0
train,data/by_disease/train/disease_4/images/V006_79_1_04_02_03_12_2_3055e_20201027_16.jpeg,data/by_disease/train/disease_4/labels/V006_79_1_04_02_03_12_2_3055e_20201027_16.jpeg.json,disease_4,4,2,814.0,0.0,2736.0,2784.0
train,data/by_disease/train/disease_4/images/V006_79_1_04_02_03_12_2_3055e_20201027_17.jpeg,data/by_disease/train/disease_4/labels/V006_79_1_04_02_03_12_2_3055e_20201027_17.jpeg.json,disease_4,4,2,1155.0,456.0,3252.0,1980.0
train,data/by_disease/train/disease_4/images/V006_79_1_04_02_03_12_2_9662e_20201026_10.jpeg,data/by_disease/train/disease_4/labels/V006_79_1_04_02_03_12_2_9662e_20201026_10.jpeg.json,disease_4,4,2,1807.0,546.0,3108.0,2058.0
train,data/by_disease/train/disease_4/images/V006_79_1_04_02_03_12_2_9662e_20201026_11.jpeg,data/by_disease/train/disease_4/labels/V006_79_1_04_02_03_12_2_9662e_20201026_11.jpeg.json,disease_4,4,2,0.0,6.0,2261.0,2219.0
train,data/by_disease/train/disease_4/images/V006_79_1_04_02_03_12_2_9662e_20201026_13.jpeg,data/by_disease/train/disease_4/labels/V006_79_1_04_02_03_12_2_9662e_20201026_13.jpeg.json,disease_4,4,2,180.0,586.0,4032.0,3024.0
train,data/by_disease/train/disease_4/images/V006_79_1_04_02_03_12_2_9662e_20201026_15.jpeg,data/by_disease/train/disease_4/labels/V006_79_1_04_02_03_12_2_9662e_20201026_15.jpeg.json,disease_4,4,2,0.0,1007.0,4032.0,3024.0
train,data/by_disease/train/disease_4/images/V006_79_1_04_02_03_12_2_9662e_20201026_4.jpeg,data/by_disease/train/disease_4/labels/V006_79_1_04_02_03_12_2_9662e_20201026_4.jpeg.json,disease_4,4,2,720.0,617.0,2261.0,1643.0
train,data/by_disease/train/disease_4/images/V006_79_1_04_02_03_12_2_9662e_20201026_6.jpeg,data/by_disease/train/disease_4/labels/V006_79_1_04_02_03_12_2_9662e_20201026_6.jpeg.json,disease_4,4,2,1491.0,0.0,2236.0,1807.0
train,data/by_disease/train/disease_4/images/V006_79_1_04_02_03_12_2_9662e_20201026_7.jpeg,data/by_disease/train/disease_4/labels/V006_79_1_04_02_03_12_2_9662e_20201026_7.jpeg.json,disease_4,4,2,1451.0,0.0,4032.0,2182.0
train,data/by_disease/train/disease_4/images/V006_79_1_04_02_03_12_2_9662e_20201026_8.jpeg,data/by_disease/train/disease_4/labels/V006_79_1_04_02_03_12_2_9662e_20201026_8.jpeg.json,disease_4,4,2,0.0,686.0,2841.0,3024.0
train,data/by_disease/train/disease_4/images/V006_79_1_04_02_03_12_2_9662e_20201026_9.jpeg,data/by_disease/train/disease_4/labels/V006_79_1_04_02_03_12_2_9662e_20201026_9.jpeg.json,disease_4,4,2,1486.0,1272.0,2661.0,2989.0
train,data/by_disease/train/disease_4/images/V006_79_1_04_02_03_12_2_9662e_20201102_1.jpeg,data/by_disease/train/disease_4/labels/V006_79_1_04_02_03_12_2_9662e_20201102_1.jpeg.json,disease_4,4,2,355.0,0.0,2891.0,3024.0
train,data/by_disease/train/disease_4/images/V006_79_1_04_02_03_12_2_9662e_20201102_15.jpeg,data/by_disease/train/disease_4/labels/V006_79_1_04_02_03_12_2_9662e_20201102_15.jpeg.json,disease_4,4,2,75.0,396.0,3902.0,3024.0
train,data/by_disease/train/disease_4/images/V006_79_1_04_02_03_12_2_9662e_20201102_16.jpeg,data/by_disease/train/disease_4/labels/V006_79_1_04_02_03_12_2_9662e_20201102_16.jpeg.json,disease_4,4,2,296.0,0.0,4032.0,2297.0
train,data/by_disease/train/disease_4/images/V006_79_1_04_02_03_12_2_9662e_20201102_5.jpeg,data/by_disease/train/disease_4/labels/V006_79_1_04_02_03_12_2_9662e_20201102_5.jpeg.json,disease_4,4,2,30.0,0.0,4028.0,2987.0
train,data/by_disease/train/disease_4/images/V006_79_1_04_02_03_12_2_9662e_20201104_2.jpeg,data/by_disease/train/disease_4/labels/V006_79_1_04_02_03_12_2_9662e_20201104_2.jpeg.json,disease_4,4,2,2407.0,1178.0,4032.0,2294.0
train,data/by_disease/train/disease_4/images/V006_79_1_04_02_03_12_2_9662e_20201104_3.jpeg,data/by_disease/train/disease_4/labels/V006_79_1_04_02_03_12_2_9662e_20201104_3.jpeg.json,disease_4,4,2,0.0,1583.0,2641.0,2989.0
train,data/by_disease/train/disease_4/images/V006_79_1_04_02_03_12_2_9662e_20201104_4.jpeg,data/by_disease/train/disease_4/labels/V006_79_1_04_02_03_12_2_9662e_20201104_4.jpeg.json,disease_4,4,2,571.0,5.0,2677.0,2013.0
train,data/by_disease/train/disease_4/images/V006_79_1_04_02_03_12_2_9662e_20201104_8.jpeg,data/by_disease/train/disease_4/labels/V006_79_1_04_02_03_12_2_9662e_20201104_8.jpeg.json,disease_4,4,2,0.0,162.0,2651.0,1168.0
train,data/by_disease/train/disease_4/images/V006_79_1_04_02_03_12_2_9662e_20201110_14.jpeg,data/by_disease/train/disease_4/labels/V006_79_1_04_02_03_12_2_9662e_20201110_14.jpeg.json,disease_4,4,2,865.0,1303.0,2326.0,2424.0
train,data/by_disease/train/disease_4/images/V006_79_1_04_02_03_12_2_9662e_20201110_3.jpeg,data/by_disease/train/disease_4/labels/V006_79_1_04_02_03_12_2_9662e_20201110_3.jpeg.json,disease_4,4,2,1936.0,1453.0,3956.0,2139.0
train,data/by_disease/train/disease_4/images/V006_79_1_04_02_03_12_2_9662e_20201110_4.jpeg,data/by_disease/train/disease_4/labels/V006_79_1_04_02_03_12_2_9662e_20201110_4.jpeg.json,disease_4,4,2,1196.0,1392.0,3417.0,3024.0
train,data/by_disease/train/disease_4/images/V006_79_1_04_02_03_12_2_9662e_20201110_5.jpeg,data/by_disease/train/disease_4/labels/V006_79_1_04_02_03_12_2_9662e_20201110_5.jpeg.json,disease_4,4,2,946.0,1018.0,2467.0,2884.0
train,data/by_disease/train/disease_4/images/V006_79_1_04_02_03_12_2_9662e_20201116_12.jpeg,data/by_disease/train/disease_4/labels/V006_79_1_04_02_03_12_2_9662e_20201116_12.jpeg.json,disease_4,4,2,1820.0,210.0,2740.0,2037.0
train,data/by_disease/train/disease_4/images/V006_79_1_04_02_03_12_2_9662e_20201124_12.jpeg,data/by_disease/train/disease_4/labels/V006_79_1_04_02_03_12_2_9662e_20201124_12.jpeg.json,disease_4,4,2,510.0,547.0,3067.0,2389.0
train,data/by_disease/train/disease_4/images/V006_79_1_04_02_03_12_2_9662e_20201124_13.jpeg,data/by_disease/train/disease_4/labels/V006_79_1_04_02_03_12_2_9662e_20201124_13.jpeg.json,disease_4,4,2,0.0,102.0,4032.0,3024.0
train,data/by_disease/train/disease_4/images/V006_79_1_04_02_03_12_2_9662e_20201124_14.jpeg,data/by_disease/train/disease_4/labels/V006_79_1_04_02_03_12_2_9662e_20201124_14.jpeg.json,disease_4,4,2,906.0,0.0,4017.0,2608.0
train,data/by_disease/train/disease_4/images/V006_79_1_04_02_03_12_2_9662e_20201124_15.jpeg,data/by_disease/train/disease_4/labels/V006_79_1_04_02_03_12_2_9662e_20201124_15.jpeg.json,disease_4,4,2,1461.0,261.0,2351.0,2618.0
train,data/by_disease/train/disease_4/images/V006_79_1_04_02_03_12_2_9662e_20201124_5.jpeg,data/by_disease/train/disease_4/labels/V006_79_1_04_02_03_12_2_9662e_20201124_5.jpeg.json,disease_4,4,2,0.0,6.0,2946.0,3024.0
train,data/by_disease/train/disease_4/images/V006_79_1_04_02_03_12_2_9662e_20201124_6.jpeg,data/by_disease/train/disease_4/labels/V006_79_1_04_02_03_12_2_9662e_20201124_6.jpeg.json,disease_4,4,2,2007.0,777.0,2802.0,2784.0
train,data/by_disease/train/disease_4/images/V006_79_1_04_02_03_12_2_9662e_20201124_7.jpeg,data/by_disease/train/disease_4/labels/V006_79_1_04_02_03_12_2_9662e_20201124_7.jpeg.json,disease_4,4,2,1831.0,607.0,2836.0,2559.0
train,data/by_disease/train/disease_4/images/V006_79_1_04_02_03_12_3_9662e_20201124_9.jpeg,data/by_disease/train/disease_4/labels/V006_79_1_04_02_03_12_3_9662e_20201124_9.jpeg.json,disease_4,4,3,1182.0,1238.0,3067.0,2319.0
valid,data/by_disease/valid/disease_3/images/V006_79_1_03_02_03_11_1_5389e_20201030_14.jpeg,data/by_disease/valid/disease_3/labels/V006_79_1_03_02_03_11_1_5389e_20201030_14.jpeg.json,disease_3,3,1,664.0,966.0,2167.0,2450.0
valid,data/by_disease/valid/disease_3/images/V006_79_1_03_02_03_12_1_2852e_20201026_12.jpeg,data/by_disease/valid/disease_3/labels/V006_79_1_03_02_03_12_1_2852e_20201026_12.jpeg.json,disease_3,3,1,835.0,167.0,3662.0,2930.0
valid,data/by_disease/valid/disease_3/images/V006_79_1_03_02_03_12_1_2852e_20201026_13.jpeg,data/by_disease/valid/disease_3/labels/V006_79_1_03_02_03_12_1_2852e_20201026_13.jpeg.json,disease_3,3,1,409.0,32.0,3527.0,2829.0
valid,data/by_disease/valid/disease_3/images/V006_79_1_03_02_03_12_1_2852e_20201027_12.jpeg,data/by_disease/valid/disease_3/labels/V006_79_1_03_02_03_12_1_2852e_20201027_12.jpeg.json,disease_3,3,1,771.0,370.0,3289.0,2782.0
valid,data/by_disease/valid/disease_3/images/V006_79_1_03_02_03_12_1_2852e_20201027_5.jpeg,data/by_disease/valid/disease_3/labels/V006_79_1_03_02_03_12_1_2852e_20201027_5.jpeg.json,disease_3,3,1,721.0,330.0,3149.0,2892.0
valid,data/by_disease/valid/disease_3/images/V006_79_1_03_02_03_12_1_3025e_20201116_23.jpeg,data/by_disease/valid/disease_3/labels/V006_79_1_03_02_03_12_1_3025e_20201116_23.jpeg.json,disease_3,3,1,1100.0,0.0,3740.0,3024.0
valid,data/by_disease/valid/disease_3/images/V006_79_1_03_02_03_12_1_3025e_20201117_12.jpeg,data/by_disease/valid/disease_3/labels/V006_79_1_03_02_03_12_1_3025e_20201117_12.jpeg.json,disease_3,3,1,390.0,0.0,2840.0,2326.0
valid,data/by_disease/valid/disease_3/images/V006_79_1_03_02_03_12_1_3025e_20201117_14.jpeg,data/by_disease/valid/disease_3/labels/V006_79_1_03_02_03_12_1_3025e_20201117_14.jpeg.json,disease_3,3,1,110.0,0.0,3670.0,3024.0
valid,data/by_disease/valid/disease_3/images/V006_79_1_03_02_03_12_1_3025e_20201117_25.jpeg,data/by_disease/valid/disease_3/labels/V006_79_1_03_02_03_12_1_3025e_20201117_25.jpeg.json,disease_3,3,1,31.0,71.0,3993.0,2992.0
valid,data/by_disease/valid/disease_3/images/V006_79_1_03_02_03_12_1_3055e_20201008_18.jpeg,data/by_disease/valid/disease_3/labels/V006_79_1_03_02_03_12_1_3055e_20201008_18.jpeg.json,disease_3,3,1,1318.0,1274.0,2104.0,1767.0
valid,data/by_disease/valid/disease_3/images/V006_79_1_03_02_03_12_1_3055e_20201026_12.jpeg,data/by_disease/valid/disease_3/labels/V006_79_1_03_02_03_12_1_3055e_20201026_12.jpeg.json,disease_3,3,1,458.0,456.0,2704.0,2326.0
valid,data/by_disease/valid/disease_3/images/V006_79_1_03_02_03_12_1_3108e_20201023_1.jpeg,data/by_disease/valid/disease_3/labels/V006_79_1_03_02_03_12_1_3108e_20201023_1.jpeg.json,disease_3,3,1,0.0,0.0,2628.0,3024.0
valid,data/by_disease/valid/disease_3/images/V006_79_1_03_02_03_12_1_3108e_20201030_20.jpeg,data/by_disease/valid/disease_3/labels/V006_79_1_03_02_03_12_1_3108e_20201030_20.jpeg.json,disease_3,3,1,605.0,0.0,3389.0,1874.0
valid,data/by_disease/valid/disease_3/images/V006_79_1_03_02_03_12_1_3270e_20201020_17.jpeg,data/by_disease/valid/disease_3/labels/V006_79_1_03_02_03_12_1_3270e_20201020_17.jpeg.json,disease_3,3,1,4.0,12.0,3328.0,2912.0
valid,data/by_disease/valid/disease_3/images/V006_79_1_03_02_03_12_1_3270e_20201021_29.jpeg,data/by_disease/valid/disease_3/labels/V006_79_1_03_02_03_12_1_3270e_20201021_29.jpeg.json,disease_3,3,1,872.0,868.0,4032.0,3024.0
valid,data/by_disease/valid/disease_3/images/V006_79_1_03_02_03_12_1_3270e_20201021_35.jpeg,data/by_disease/valid/disease_3/labels/V006_79_1_03_02_03_12_1_3270e_20201021_35.jpeg.json,disease_3,3,1,520.0,16.0,4032.0,3024.0
valid,data/by_disease/valid/disease_3/images/V006_79_1_03_02_03_12_1_3270e_20201103_16.jpeg,data/by_disease/valid/disease_3/labels/V006_79_1_03_02_03_12_1_3270e_20201103_16.jpeg.json,disease_3,3,1,420.0,0.0,2752.0,2152.0
valid,data/by_disease/valid/disease_3/images/V006_79_1_03_02_03_12_1_3270e_20201110_8.jpeg,data/by_disease/valid/disease_3/labels/V006_79_1_03_02_03_12_1_3270e_20201110_8.jpeg.json,disease_3,3,1,0.0,4.0,1520.0,1148.0
valid,data/by_disease/valid/disease_3/images/V006_79_1_03_02_03_12_1_3270e_20201116_2.jpeg,data/by_disease/valid/disease_3/labels/V006_79_1_03_02_03_12_1_3270e_20201116_2.jpeg.json,disease_3,3,1,1080.0,1264.0,4032.0,3020.0
valid,data/by_disease/valid/disease_3/images/V006_79_1_03_02_03_12_1_3592b_20201028_23.jpeg,data/by_disease/valid/disease_3/labels/V006_79_1_03_02_03_12_1_3592b_20201028_23.jpeg.json,disease_3,3,1,1004.0,30.0,3471.0,2543.0
valid,data/by_disease/valid/disease_3/images/V006_79_1_03_02_03_12_1_3592b_20201028_27.jpeg,data/by_disease/valid/disease_3/labels/V006_79_1_03_02_03_12_1_3592b_20201028_27.jpeg.json,disease_3,3,1,66.0,85.0,4032.0,2445.0
valid,data/by_disease/valid/disease_3/images/V006_79_1_03_02_03_12_1_3592b_20201028_7.jpeg,data/by_disease/valid/disease_3/labels/V006_79_1_03_02_03_12_1_3592b_20201028_7.jpeg.json,disease_3,3,1,914.0,0.0,4032.0,3024.0
valid,data/by_disease/valid/disease_3/images/V006_79_1_03_02_03_12_1_3592b_20201102_29.jpeg,data/by_disease/valid/disease_3/labels/V006_79_1_03_02_03_12_1_3592b_20201102_29.jpeg.json,disease_3,3,1,16.0,9.0,4032.0,3017.0
valid,data/by_disease/valid/disease_3/images/V006_79_1_03_02_03_12_1_3592b_20201104_4.jpeg,data/by_disease/valid/disease_3/labels/V006_79_1_03_02_03_12_1_3592b_20201104_4.jpeg.json,disease_3,3,1,1806.0,10.0,2393.0,3024.0
valid,data/by_disease/valid/disease_3/images/V006_79_1_03_02_03_12_1_3592b_20201110_3.jpeg,data/by_disease/valid/disease_3/labels/V006_79_1_03_02_03_12_1_3592b_20201110_3.jpeg.json,disease_3,3,1,978.0,0.0,4032.0,3024.0
valid,data/by_disease/valid/disease_3/images/V006_79_1_03_02_03_12_1_3592b_20201118_17.jpeg,data/by_disease/valid/disease_3/labels/V006_79_1_03_02_03_12_1_3592b_20201118_17.jpeg.json,disease_3,3,1,0.0,372.0,4032.0,3024.0
valid,data/by_disease/valid/disease_3/images/V006_79_1_03_02_03_12_1_5389e_20201022_11.jpeg,data/by_disease/valid/disease_3/labels/V006_79_1_03_02_03_12_1_5389e_20201022_11.jpeg.json,disease_3,3,1,452.0,195.0,3024.0,3024.0
valid,data/by_disease/valid/disease_3/images/V006_79_1_03_02_03_12_1_5389e_20201022_14.jpeg,data/by_disease/valid/disease_3/labels/V006_79_1_03_02_03_12_1_5389e_20201022_14.jpeg.json,disease_3,3,1,1473.0,1412.0,3024.0,2927.0
valid,data/by_disease/valid/disease_3/images/V006_79_1_03_02_03_12_1_5389e_20201022_15.jpeg,data/by_disease/valid/disease_3/labels/V006_79_1_03_02_03_12_1_5389e_20201022_15.jpeg.json,disease_3,3,1,846.0,2.0,2904.0,2311.0
valid,data/by_disease/valid/disease_3/images/V006_79_1_03_02_03_12_1_5389e_20201022_17.jpeg,data/by_disease/valid/disease_3/labels/V006_79_1_03_02_03_12_1_5389e_20201022_17.jpeg.json,disease_3,3,1,0.0,249.0,3024.0,2078.0
valid,data/by_disease/valid/disease_3/images/V006_79_1_03_02_03_12_1_5389e_20201106_14.jpeg,data/by_disease/valid/disease_3/labels/V006_79_1_03_02_03_12_1_5389e_20201106_14.jpeg.json,disease_3,3,1,572.0,48.0,3024.0,3024.0
valid,data/by_disease/valid/disease_3/images/V006_79_1_03_02_03_12_1_5389e_20201106_6.jpeg,data/by_disease/valid/disease_3/labels/V006_79_1_03_02_03_12_1_5389e_20201106_6.jpeg.json,disease_3,3,1,145.0,541.0,2239.0,2667.0
valid,data/by_disease/valid/disease_3/images/V006_79_1_03_02_03_12_1_5389e_20201106_7.jpeg,data/by_disease/valid/disease_3/labels/V006_79_1_03_02_03_12_1_5389e_20201106_7.jpeg.json,disease_3,3,1,625.0,188.0,2719.0,3024.0
valid,data/by_disease/valid/disease_3/images/V006_79_1_03_02_03_12_1_5389e_20201119_20.jpeg,data/by_disease/valid/disease_3/labels/V006_79_1_03_02_03_12_1_5389e_20201119_20.jpeg.json,disease_3,3,1,0.0,254.0,2851.0,3002.0
valid,data/by_disease/valid/disease_3/images/V006_79_1_03_02_03_12_1_5389e_20201119_29.jpeg,data/by_disease/valid/disease_3/labels/V006_79_1_03_02_03_12_1_5389e_20201119_29.jpeg.json,disease_3,3,1,20.0,0.0,2706.0,2334.0
valid,data/by_disease/valid/disease_3/images/V006_79_1_03_02_03_12_1_5389e_20201119_6.jpeg,data/by_disease/valid/disease_3/labels/V006_79_1_03_02_03_12_1_5389e_20201119_6.jpeg.json,disease_3,3,1,1464.0,291.0,3010.0,2877.0
valid,data/by_disease/valid/disease_3/images/V006_79_1_03_02_03_12_1_5389e_20201120_11.jpeg,data/by_disease/valid/disease_3/labels/V006_79_1_03_02_03_12_1_5389e_20201120_11.jpeg.json,disease_3,3,1,178.0,1101.0,1632.0,2314.0
valid,data/by_disease/valid/disease_3/images/V006_79_1_03_02_03_12_1_5389e_20201120_18.jpeg,data/by_disease/valid/disease_3/labels/V006_79_1_03_02_03_12_1_5389e_20201120_18.jpeg.json,disease_3,3,1,1116.0,187.0,2937.0,2724.0
valid,data/by_disease/valid/disease_3/images/V006_79_1_03_02_03_12_1_5389e_20201120_19.jpeg,data/by_disease/valid/disease_3/labels/V006_79_1_03_02_03_12_1_5389e_20201120_19.jpeg.json,disease_3,3,1,185.0,809.0,3024.0,2622.0
valid,data/by_disease/valid/disease_3/images/V006_79_1_03_02_03_12_1_5389e_20201127_19.jpeg,data/by_disease/valid/disease_3/labels/V006_79_1_03_02_03_12_1_5389e_20201127_19.jpeg.json,disease_3,3,1,0.0,15.0,3024.0,2924.0
valid,data/by_disease/valid/disease_3/images/V006_79_1_03_02_03_12_1_5389e_20201127_2.jpeg,data/by_disease/valid/disease_3/labels/V006_79_1_03_02_03_12_1_5389e_20201127_2.jpeg.json,disease_3,3,1,35.0,340.0,2280.0,3024.0
valid,data/by_disease/valid/disease_3/images/V006_79_1_03_02_03_12_1_5389e_20201127_3.jpeg,data/by_disease/valid/disease_3/labels/V006_79_1_03_02_03_12_1_5389e_20201127_3.jpeg.json,disease_3,3,1,777.0,114.0,2997.0,3007.0
valid,data/by_disease/valid/disease_3/images/V006_79_1_03_02_03_12_1_6814e_20201028_15.jpeg,data/by_disease/valid/disease_3/labels/V006_79_1_03_02_03_12_1_6814e_20201028_15.jpeg.json,disease_3,3,1,922.0,473.0,4025.0,3024.0
valid,data/by_disease/valid/disease_3/images/V006_79_1_03_02_03_12_1_6814e_20201102_26.jpeg,data/by_disease/valid/disease_3/labels/V006_79_1_03_02_03_12_1_6814e_20201102_26.jpeg.json,disease_3,3,1,474.0,10.0,3197.0,1444.0
valid,data/by_disease/valid/disease_3/images/V006_79_1_03_02_03_12_1_6814e_20201102_5.jpeg,data/by_disease/valid/disease_3/labels/V006_79_1_03_02_03_12_1_6814e_20201102_5.jpeg.json,disease_3,3,1,901.0,0.0,4032.0,3012.0
valid,data/by_disease/valid/disease_3/images/V006_79_1_03_02_03_12_1_6814e_20201111_15.jpeg,data/by_disease/valid/disease_3/labels/V006_79_1_03_02_03_12_1_6814e_20201111_15.jpeg.json,disease_3,3,1,361.0,4.0,3361.0,3019.0
valid,data/by_disease/valid/disease_3/images/V006_79_1_03_02_03_12_1_6814e_20201111_27.jpeg,data/by_disease/valid/disease_3/labels/V006_79_1_03_02_03_12_1_6814e_20201111_27.jpeg.json,disease_3,3,1,0.0,663.0,3201.0,3024.0
valid,data/by_disease/valid/disease_3/images/V006_79_1_03_02_03_12_1_9662e_20201014_27.jpg,data/by_disease/valid/disease_3/labels/V006_79_1_03_02_03_12_1_9662e_20201014_27.jpg.json,disease_3,3,1,650.0,581.0,1666.0,2443.0
valid,data/by_disease/valid/disease_3/images/V006_79_1_03_02_03_12_1_9662e_20201021_15.jpeg,data/by_disease/valid/disease_3/labels/V006_79_1_03_02_03_12_1_9662e_20201021_15.jpeg.json,disease_3,3,1,804.0,817.0,4028.0,2464.0
valid,data/by_disease/valid/disease_3/images/V006_79_1_03_02_03_12_1_9662e_20201021_3.jpeg,data/by_disease/valid/disease_3/labels/V006_79_1_03_02_03_12_1_9662e_20201021_3.jpeg.json,disease_3,3,1,644.0,12.0,1610.0,2964.0
valid,data/by_disease/valid/disease_3/images/V006_79_1_03_02_03_12_1_9662e_20201021_6.jpeg,data/by_disease/valid/disease_3/labels/V006_79_1_03_02_03_12_1_9662e_20201021_6.jpeg.json,disease_3,3,1,0.0,22.0,3913.0,2984.0
valid,data/by_disease/valid/disease_3/images/V006_79_1_03_02_03_12_1_9662e_20201102_3.jpeg,data/by_disease/valid/disease_3/labels/V006_79_1_03_02_03_12_1_9662e_20201102_3.jpeg.json,disease_3,3,1,0.0,12.0,4032.0,2974.0
valid,data/by_disease/valid/disease_3/images/V006_79_1_03_02_03_12_1_9662e_20201104_1.jpeg,data/by_disease/valid/disease_3/labels/V006_79_1_03_02_03_12_1_9662e_20201104_1.jpeg.json,disease_3,3,1,1472.0,722.0,4023.0,2979.0
valid,data/by_disease/valid/disease_3/images/V006_79_1_03_02_03_12_1_9662e_20201104_10.jpeg,data/by_disease/valid/disease_3/labels/V006_79_1_03_02_03_12_1_9662e_20201104_10.jpeg.json,disease_3,3,1,568.0,838.0,2249.0,1963.0
valid,data/by_disease/valid/disease_3/images/V006_79_1_03_02_03_12_1_9662e_20201110_8.jpeg,data/by_disease/valid/disease_3/labels/V006_79_1_03_02_03_12_1_9662e_20201110_8.jpeg.json,disease_3,3,1,1635.0,1115.0,2712.0,2574.0
valid,data/by_disease/valid/disease_3/images/V006_79_1_03_02_03_12_1_9662e_20201116_15.jpeg,data/by_disease/valid/disease_3/labels/V006_79_1_03_02_03_12_1_9662e_20201116_15.jpeg.json,disease_3,3,1,6.0,1120.0,2985.0,3014.0
valid,data/by_disease/valid/disease_3/images/V006_79_1_03_02_03_12_1_9662e_20201116_2.jpeg,data/by_disease/valid/disease_3/labels/V006_79_1_03_02_03_12_1_9662e_20201116_2.jpeg.json,disease_3,3,1,7.0,7.0,3193.0,2780.0
valid,data/by_disease/valid/disease_3/images/V006_79_1_03_02_03_12_1_9662e_20201124_3.jpeg,data/by_disease/valid/disease_3/labels/V006_79_1_03_02_03_12_1_9662e_20201124_3.jpeg.json,disease_3,3,1,888.0,13.0,3219.0,3024.0
valid,data/by_disease/valid/disease_3/images/V006_79_1_03_02_03_12_2_3055e_20201104_6.jpeg,data/by_disease/valid/disease_3/labels/V006_79_1_03_02_03_12_2_3055e_20201104_6.jpeg.json,disease_3,3,2,1034.0,487.0,4032.0,3024.0
valid,data/by_disease/valid/disease_3/images/V006_79_1_03_02_03_12_2_3055e_20201111_6.jpeg,data/by_disease/valid/disease_3/labels/V006_79_1_03_02_03_12_2_3055e_20201111_6.jpeg.json,disease_3,3,2,1276.0,680.0,2916.0,2356.0
valid,data/by_disease/valid/disease_3/images/V006_79_1_03_02_03_12_2_3055e_20201117_6.jpeg,data/by_disease/valid/disease_3/labels/V006_79_1_03_02_03_12_2_3055e_20201117_6.jpeg.json,disease_3,3,2,1625.0,736.0,3451.0,1796.0
valid,data/by_disease/valid/disease_3/images/V006_79_1_03_02_03_12_2_3055e_20201124_16.jpeg,data/by_disease/valid/disease_3/labels/V006_79_1_03_02_03_12_2_3055e_20201124_16.jpeg.json,disease_3,3,2,605.0,387.0,3184.0,2337.0
valid,data/by_disease/valid/disease_3/images/V006_79_1_03_02_03_12_2_3055e_20201124_7.jpeg,data/by_disease/valid/disease_3/labels/V006_79_1_03_02_03_12_2_3055e_20201124_7.jpeg.json,disease_3,3,2,822.0,754.0,2732.0,2728.0
valid,data/by_disease/valid/disease_3/images/V006_79_1_03_02_03_12_2_3055e_20201125_6.jpeg,data/by_disease/valid/disease_3/labels/V006_79_1_03_02_03_12_2_3055e_20201125_6.jpeg.json,disease_3,3,2,1196.0,332.0,2505.0,2566.0
valid,data/by_disease/valid/disease_3/images/V006_79_1_03_02_03_12_2_5389e_20201014_24.jpg,data/by_disease/valid/disease_3/labels/V006_79_1_03_02_03_12_2_5389e_20201014_24.jpg.json,disease_3,3,2,1488.0,1036.0,2517.0,1572.0
valid,data/by_disease/valid/disease_3/images/V006_79_1_03_02_03_12_2_5389e_20201022_19.jpeg,data/by_disease/valid/disease_3/labels/V006_79_1_03_02_03_12_2_5389e_20201022_19.jpeg.json,disease_3,3,2,1012.0,155.0,2711.0,1757.0
valid,data/by_disease/valid/disease_3/images/V006_79_1_03_02_03_12_2_5389e_20201022_6.jpeg,data/by_disease/valid/disease_3/labels/V006_79_1_03_02_03_12_2_5389e_20201022_6.jpeg.json,disease_3,3,2,1046.0,882.0,2345.0,2224.0
valid,data/by_disease/valid/disease_3/images/V006_79_1_03_02_03_12_2_5389e_20201106_18.jpeg,data/by_disease/valid/disease_3/labels/V006_79_1_03_02_03_12_2_5389e_20201106_18.jpeg.json,disease_3,3,2,276.0,386.0,1485.0,2376.0
valid,data/by_disease/valid/disease_3/images/V006_79_1_03_02_03_12_2_5389e_20201113_10.jpeg,data/by_disease/valid/disease_3/labels/V006_79_1_03_02_03_12_2_5389e_20201113_10.jpeg.json,disease_3,3,2,496.0,553.0,2396.0,2766.0
valid,data/by_disease/valid/disease_3/images/V006_79_1_03_02_03_12_2_5389e_20201113_15.jpeg,data/by_disease/valid/disease_3/labels/V006_79_1_03_02_03_12_2_5389e_20201113_15.jpeg.json,disease_3,3,2,698.0,1069.0,2957.0,2951.0
valid,data/by_disease/valid/disease_3/images/V006_79_1_03_02_03_12_2_9662e_20201020_4.jpeg,data/by_disease/valid/disease_3/labels/V006_79_1_03_02_03_12_2_9662e_20201020_4.jpeg.json,disease_3,3,2,1872.0,0.0,3473.0,3013.0
valid,data/by_disease/valid/disease_3/images/V006_79_1_03_02_03_12_2_9662e_20201020_6.jpeg,data/by_disease/valid/disease_3/labels/V006_79_1_03_02_03_12_2_9662e_20201020_6.jpeg.json,disease_3,3,2,1697.0,1162.0,2527.0,2203.0
valid,data/by_disease/valid/disease_3/images/V006_79_1_03_02_03_12_2_9662e_20201021_7.jpeg,data/by_disease/valid/disease_3/labels/V006_79_1_03_02_03_12_2_9662e_20201021_7.jpeg.json,disease_3,3,2,1246.0,181.0,3457.0,2633.0
valid,data/by_disease/valid/disease_3/images/V006_79_1_03_02_03_12_3_5389e_20201119_27.jpeg,data/by_disease/valid/disease_3/labels/V006_79_1_03_02_03_12_3_5389e_20201119_27.jpeg.json,disease_3,3,3,1019.0,120.0,2304.0,2434.0
valid,data/by_disease/valid/disease_3/images/V006_79_1_03_02_03_12_3_5389e_20201119_3.jpeg,data/by_disease/valid/disease_3/labels/V006_79_1_03_02_03_12_3_5389e_20201119_3.jpeg.json,disease_3,3,3,74.0,0.0,3024.0,2187.0
valid,data/by_disease/valid/disease_3/images/V006_79_1_03_02_03_12_3_5389e_20201120_4.jpeg,data/by_disease/valid/disease_3/labels/V006_79_1_03_02_03_12_3_5389e_20201120_4.jpeg.json,disease_3,3,3,70.0,271.0,2850.0,2905.0
valid,data/by_disease/valid/disease_4/images/V006_79_1_04_02_03_12_1_2852e_20201103_14.jpeg,data/by_disease/valid/disease_4/labels/V006_79_1_04_02_03_12_1_2852e_20201103_14.jpeg.json,disease_4,4,1,1119.0,7.0,2636.0,2448.0
valid,data/by_disease/valid/disease_4/images/V006_79_1_04_02_03_12_1_3055e_20201021_10.jpg,data/by_disease/valid/disease_4/labels/V006_79_1_04_02_03_12_1_3055e_20201021_10.jpg.json,disease_4,4,1,708.0,868.0,1956.0,2188.0
valid,data/by_disease/valid/disease_4/images/V006_79_1_04_02_03_12_1_3055e_20201021_3.jpg,data/by_disease/valid/disease_4/labels/V006_79_1_04_02_03_12_1_3055e_20201021_3.jpg.json,disease_4,4,1,1040.0,492.0,2796.0,2080.0
valid,data/by_disease/valid/disease_4/images/V006_79_1_04_02_03_12_1_3055e_20201026_9.jpeg,data/by_disease/valid/disease_4/labels/V006_79_1_04_02_03_12_1_3055e_20201026_9.jpeg.json,disease_4,4,1,1892.0,484.0,4016.0,3024.0
valid,data/by_disease/valid/disease_4/images/V006_79_1_04_02_03_12_1_3055e_20201027_15.jpeg,data/by_disease/valid/disease_4/labels/V006_79_1_04_02_03_12_1_3055e_20201027_15.jpeg.json,disease_4,4,1,1220.0,226.0,2286.0,1835.0
valid,data/by_disease/valid/disease_4/images/V006_79_1_04_02_03_12_1_3055e_20201027_3.jpeg,data/by_disease/valid/disease_4/labels/V006_79_1_04_02_03_12_1_3055e_20201027_3.jpeg.json,disease_4,4,1,880.0,1031.0,3201.0,1980.0
valid,data/by_disease/valid/disease_4/images/V006_79_1_04_02_03_12_1_3108e_20201112_4.jpeg,data/by_disease/valid/disease_4/labels/V006_79_1_04_02_03_12_1_3108e_20201112_4.jpeg.json,disease_4,4,1,524.0,738.0,3324.0,2860.0
valid,data/by_disease/valid/disease_4/images/V006_79_1_04_02_03_12_1_3108e_20201126_14.jpeg,data/by_disease/valid/disease_4/labels/V006_79_1_04_02_03_12_1_3108e_20201126_14.jpeg.json,disease_4,4,1,738.0,60.0,3720.0,2322.0
valid,data/by_disease/valid/disease_4/images/V006_79_1_04_02_03_12_1_3108e_20201126_23.jpeg,data/by_disease/valid/disease_4/labels/V006_79_1_04_02_03_12_1_3108e_20201126_23.jpeg.json,disease_4,4,1,1341.0,320.0,2569.0,2344.0
valid,data/by_disease/valid/disease_4/images/V006_79_1_04_02_03_12_1_5389e_20201021_7.jpg,data/by_disease/valid/disease_4/labels/V006_79_1_04_02_03_12_1_5389e_20201021_7.jpg.json,disease_4,4,1,493.0,0.0,3189.0,1960.0
valid,data/by_disease/valid/disease_4/images/V006_79_1_04_02_03_12_1_5389e_20201022_17.jpeg,data/by_disease/valid/disease_4/labels/V006_79_1_04_02_03_12_1_5389e_20201022_17.jpeg.json,disease_4,4,1,0.0,337.0,3024.0,3024.0
valid,data/by_disease/valid/disease_4/images/V006_79_1_04_02_03_12_1_5389e_20201023_11.jpeg,data/by_disease/valid/disease_4/labels/V006_79_1_04_02_03_12_1_5389e_20201023_11.jpeg.json,disease_4,4,1,512.0,401.0,3024.0,3024.0
valid,data/by_disease/valid/disease_4/images/V006_79_1_04_02_03_12_1_5389e_20201106_11.jpeg,data/by_disease/valid/disease_4/labels/V006_79_1_04_02_03_12_1_5389e_20201106_11.jpeg.json,disease_4,4,1,0.0,991.0,3024.0,3024.0
valid,data/by_disease/valid/disease_4/images/V006_79_1_04_02_03_12_1_5389e_20201106_4.jpeg,data/by_disease/valid/disease_4/labels/V006_79_1_04_02_03_12_1_5389e_20201106_4.jpeg.json,disease_4,4,1,0.0,39.0,2583.0,2712.0
valid,data/by_disease/valid/disease_4/images/V006_79_1_04_02_03_12_1_9662e_20201020_9.jpeg,data/by_disease/valid/disease_4/labels/V006_79_1_04_02_03_12_1_9662e_20201020_9.jpeg.json,disease_4,4,1,160.0,1038.0,2831.0,2914.0
valid,data/by_disease/valid/disease_4/images/V006_79_1_04_02_03_12_1_9662e_20201021_11.jpeg,data/by_disease/valid/disease_4/labels/V006_79_1_04_02_03_12_1_9662e_20201021_11.jpeg.json,disease_4,4,1,360.0,0.0,4032.0,1891.0
valid,data/by_disease/valid/disease_4/images/V006_79_1_04_02_03_12_1_9662e_20201021_6.jpeg,data/by_disease/valid/disease_4/labels/V006_79_1_04_02_03_12_1_9662e_20201021_6.jpeg.json,disease_4,4,1,535.0,1.0,3317.0,2993.0
valid,data/by_disease/valid/disease_4/images/V006_79_1_04_02_03_12_1_9662e_20201102_13.jpeg,data/by_disease/valid/disease_4/labels/V006_79_1_04_02_03_12_1_9662e_20201102_13.jpeg.json,disease_4,4,1,2138.0,1596.0,3002.0,2623.0
valid,data/by_disease/valid/disease_4/images/V006_79_1_04_02_03_12_1_9662e_20201104_1.jpeg,data/by_disease/valid/disease_4/labels/V006_79_1_04_02_03_12_1_9662e_20201104_1.jpeg.json,disease_4,4,1,711.0,141.0,3883.0,3003.0
valid,data/by_disease/valid/disease_4/images/V006_79_1_04_02_03_12_1_9662e_20201104_9.jpeg,data/by_disease/valid/disease_4/labels/V006_79_1_04_02_03_12_1_9662e_20201104_9.jpeg.json,disease_4,4,1,0.0,86.0,4023.0,2113.0
valid,data/by_disease/valid/disease_4/images/V006_79_1_04_02_03_12_1_9662e_20201110_12.jpeg,data/by_disease/valid/disease_4/labels/V006_79_1_04_02_03_12_1_9662e_20201110_12.jpeg.json,disease_4,4,1,566.0,0.0,3968.0,2269.0
valid,data/by_disease/valid/disease_4/images/V006_79_1_04_02_03_12_2_3055e_20201021_9.jpg,data/by_disease/valid/disease_4/labels/V006_79_1_04_02_03_12_2_3055e_20201021_9.jpg.json,disease_4,4,2,984.0,88.0,2492.0,1736.0
valid,data/by_disease/valid/disease_4/images/V006_79_1_04_02_03_12_2_3055e_20201026_7.jpeg,data/by_disease/valid/disease_4/labels/V006_79_1_04_02_03_12_2_3055e_20201026_7.jpeg.json,disease_4,4,2,0.0,961.0,4032.0,3024.0
valid,data/by_disease/valid/disease_4/images/V006_79_1_04_02_03_12_2_9662e_20201026_14.jpeg,data/by_disease/valid/disease_4/labels/V006_79_1_04_02_03_12_2_9662e_20201026_14.jpeg.json,disease_4,4,2,2642.0,241.0,3372.0,2038.0
